Model,Method,OCC,,C1,,C2,,C3,,C4,,C5,,C6,,C7,
,,P,R,P,R,P,R,P,R,P,R,P,R,P,R,P,R
Gemma-3-1B,Zero-Shot (Direct),0.607,0.144,N/A,0.000,0.895,0.091,0.328,0.296,0.344,0.131,0.411,0.291,0.552,0.198,0.688,0.101
,Standard LoRA,0.869 ± 0.093,0.280 ± 0.144,0.853 ± 0.071,0.469 ± 0.057,0.873 ± 0.034,0.698 ± 0.070,0.771 ± 0.063,0.575 ± 0.071,0.877 ± 0.008,0.407 ± 0.047,0.694 ± 0.056,0.648 ± 0.034,0.827 ± 0.016,0.695 ± 0.009,0.896 ± 0.035,0.652 ± 0.077
,Impression-regularized LoRA,0.830 ± 0.070,0.849 ± 0.065,0.801 ± 0.028,0.735 ± 0.040,0.907 ± 0.033,0.743 ± 0.015,0.853 ± 0.101,0.600 ± 0.059,0.899 ± 0.049,0.583 ± 0.098,0.861 ± 0.031,0.657 ± 0.039,0.941 ± 0.026,0.775 ± 0.038,0.939 ± 0.014,0.760 ± 0.043
Gemma-3-4B,Zero-Shot (Direct),0.297,0.966,0.556,0.947,0.730,0.844,0.402,0.958,0.393,0.940,0.547,0.918,0.610,0.957,0.810,0.922
,Zero-Shot (Impression-Guided),0.518,1.000,0.565,0.958,0.799,0.855,0.356,0.944,0.482,0.952,0.654,0.903,0.745,0.957,0.812,0.935
,Standard LoRA,0.687 ± 0.233,0.903 ± 0.065,0.956 ± 0.032,0.880 ± 0.030,0.938 ± 0.033,0.935 ± 0.024,0.874 ± 0.049,0.899 ± 0.012,0.897 ± 0.058,0.890 ± 0.026,0.886 ± 0.074,0.845 ± 0.059,0.904 ± 0.055,0.923 ± 0.027,0.926 ± 0.040,0.920 ± 0.029
,Impression-regularized LoRA,0.905 ± 0.092,0.905 ± 0.035,0.954 ± 0.028,0.880 ± 0.034,0.950 ± 0.016,0.945 ± 0.015,0.862 ± 0.009,0.899 ± 0.012,0.922 ± 0.014,0.871 ± 0.010,0.939 ± 0.032,0.833 ± 0.014,0.945 ± 0.026,0.914 ± 0.014,0.955 ± 0.012,0.895 ± 0.027
Gemma-3-12B,Zero-Shot (Direct),0.780,0.992,0.779,0.926,0.966,0.919,0.890,0.915,0.892,0.881,0.950,0.858,0.974,0.907,0.989,0.857
,Standard LoRA,0.962 ± 0.032,0.907 ± 0.019,0.932 ± 0.025,0.886 ± 0.017,0.963 ± 0.014,0.923 ± 0.030,0.916 ± 0.023,0.910 ± 0.029,0.933 ± 0.021,0.883 ± 0.016,0.926 ± 0.031,0.881 ± 0.026,0.953 ± 0.013,0.922 ± 0.016,0.965 ± 0.018,0.887 ± 0.017
,Impression-regularized LoRA,0.969 ± 0.017,0.941 ± 0.015,0.921 ± 0.030,0.899 ± 0.022,0.971 ± 0.009,0.906 ± 0.012,0.917 ± 0.019,0.899 ± 0.006,0.931 ± 0.015,0.902 ± 0.005,0.957 ± 0.007,0.855 ± 0.007,0.971 ± 0.003,0.917 ± 0.010,0.985 ± 0.004,0.873 ± 0.011
Gemma-3-27B,Zero-Shot (Direct),0.866,0.983,0.767,0.937,0.952,0.952,0.877,0.901,0.906,0.917,0.951,0.866,0.974,0.938,0.975,0.885
Llama-3.2-3B,Zero-Shot (Direct),0.760,0.831,0.844,0.853,0.896,0.785,0.525,0.873,0.602,0.917,0.768,0.813,0.768,0.877,0.810,0.885
,Zero-Shot (Impression-Guided),0.580,0.924,0.866,0.747,0.931,0.801,0.626,0.803,0.683,0.845,0.804,0.828,0.882,0.877,0.835,0.862
,Standard LoRA,0.914 ± 0.030,0.783 ± 0.024,0.949 ± 0.013,0.783 ± 0.050,0.925 ± 0.020,0.931 ± 0.021,0.896 ± 0.040,0.879 ± 0.035,0.888 ± 0.043,0.886 ± 0.018,0.866 ± 0.038,0.864 ± 0.018,0.951 ± 0.033,0.910 ± 0.026,0.952 ± 0.013,0.900 ± 0.004
,Impression-regularized LoRA,0.964 ± 0.026,0.832 ± 0.034,0.972 ± 0.012,0.781 ± 0.068,0.940 ± 0.019,0.906 ± 0.028,0.914 ± 0.031,0.885 ± 0.021,0.911 ± 0.022,0.895 ± 0.010,0.888 ± 0.038,0.884 ± 0.026,0.938 ± 0.024,0.912 ± 0.015,0.967 ± 0.036,0.895 ± 0.033
Phi-3.5-Mini,Zero-Shot (Direct),0.690,0.924,0.781,0.937,0.904,0.763,0.919,0.803,0.971,0.798,0.915,0.799,0.947,0.883,0.959,0.853
,Zero-Shot (Impression-Guided),0.698,0.881,0.918,0.821,0.962,0.817,1.000,0.479,0.974,0.452,0.988,0.612,0.991,0.667,0.971,0.618
,Standard LoRA,0.929 ± 0.026,0.773 ± 0.043,0.865 ± 0.016,0.905 ± 0.000,0.933 ± 0.006,0.914 ± 0.028,0.951 ± 0.018,0.763 ± 0.012,0.956 ± 0.017,0.762 ± 0.035,0.928 ± 0.017,0.781 ± 0.029,0.975 ± 0.009,0.858 ± 0.047,0.966 ± 0.008,0.858 ± 0.022
,Impression-regularized LoRA,0.921 ± 0.001,0.892 ± 0.007,0.826 ± 0.008,0.920 ± 0.006,0.913 ± 0.002,0.854 ± 0.007,0.884 ± 0.004,0.775 ± 0.017,0.956 ± 0.010,0.769 ± 0.011,0.933 ± 0.004,0.793 ± 0.003,0.960 ± 0.009,0.891 ± 0.007,0.957 ± 0.003,0.891 ± 0.003
