Model,Training Data Size,Impression- Regularized LoRA,Standard LoRA,Δ (Obs),P-value,Sig
gemma-3-1b,20,0.309 ± 0.022,0.272 ± 0.038,"0.037 [0.007, 0.080]",0.004,**
,100,0.483 ± 0.121,0.337 ± 0.103,"0.147 [0.101, 0.193]",<0.001,***
,500,0.647 ± 0.061,0.494 ± 0.081,"0.153 [0.101, 0.193]",<0.001,***
,800,0.723 ± 0.028,0.587 ± 0.036,"0.137 [0.089, 0.177]",<0.001,***
,1064,0.782 ± 0.023,0.646 ± 0.023,"0.136 [0.104, 0.167]",<0.001,***
Llama_3_2-3B,20,0.829 ± 0.006,0.810 ± 0.016,"0.018 [0.001, 0.037]",0.046,*
,100,0.845 ± 0.009,0.826 ± 0.023,"0.018 [0.004, 0.035]",0.018,*
,500,0.879 ± 0.010,0.857 ± 0.018,"0.023 [0.006, 0.045]",0.002,**
,800,0.891 ± 0.008,0.870 ± 0.014,"0.021 [0.009, 0.033]",<0.001,***
,1064,0.902 ± 0.004,0.890 ± 0.004,"0.012 [0.005, 0.020]",0.002,**
gemma-3-4b,20,0.798 ± 0.007,0.739 ± 0.023,"0.059 [0.041, 0.075]",<0.001,***
,100,0.853 ± 0.035,0.797 ± 0.043,"0.056 [0.014, 0.110]",<0.001,***
,500,0.889 ± 0.010,0.860 ± 0.020,"0.029 [0.012, 0.048]",<0.001,***
,800,0.899 ± 0.001,0.876 ± 0.014,"0.023 [0.011, 0.035]",<0.001,***
,1064,0.909 ± 0.004,0.885 ± 0.022,"0.024 [0.007, 0.044]",0.002,**
phi-3_5-mini,20,0.861 ± 0.003,0.860 ± 0.009,"0.001 [-0.007, 0.010]",0.812,ns
,100,0.867 ± 0.004,0.863 ± 0.002,"0.004 [-0.001, 0.009]",0.158,ns
,500,0.872 ± 0.001,0.868 ± 0.005,"0.004 [-0.002, 0.011]",0.162,ns
,800,0.876 ± 0.003,0.871 ± 0.005,"0.006 [-0.001, 0.013]",0.104,ns
,1064,0.880 ± 0.003,0.877 ± 0.008,"0.003 [-0.005, 0.012]",0.432,ns
gemma-3-12b,20,0.900 ± 0.002,0.898 ± 0.002,"0.002 [-0.001, 0.005]",0.254,ns
,100,0.907 ± 0.005,0.903 ± 0.009,"0.004 [-0.004, 0.013]",0.396,ns
,500,0.917 ± 0.005,0.913 ± 0.008,"0.004 [-0.003, 0.010]",0.256,ns
,800,0.923 ± 0.003,0.919 ± 0.007,"0.004 [-0.004, 0.013]",0.306,ns
,1064,0.925 ± 0.003,0.921 ± 0.006,"0.004 [-0.003, 0.012]",0.254,ns
