Model,Training Size,Metric,Impression-Guided LoRA,Direct LoRA,Δ (Obs),95% CI,Cohen's d,P(Δ>0),P-value,Sig
Llama_3_2-3B-Instruct,20,Macro F1,0.829 ± 0.006,0.810 ± 0.016,0.018,"[0.001, 0.037]",0.982,0.977,0.046,*
Llama_3_2-3B-Instruct,20,Macro Precision,0.885 ± 0.045,0.864 ± 0.089,0.021,"[-0.071, 0.122]",0.164,0.688,0.624,ns
Llama_3_2-3B-Instruct,20,Macro Recall,0.790 ± 0.046,0.782 ± 0.084,0.007,"[-0.086, 0.099]",0.062,0.529,0.942,ns
Llama_3_2-3B-Instruct,20,Patient-Level Sensitivity,0.848 ± 0.049,0.836 ± 0.082,0.012,"[-0.076, 0.100]",0.109,0.603,0.794,ns
Llama_3_2-3B-Instruct,20,Patient-Level Specificity,0.992 ± 0.004,0.991 ± 0.008,0.001,"[-0.006, 0.010]",0.137,0.638,0.724,ns
Llama_3_2-3B-Instruct,100,Macro F1,0.845 ± 0.009,0.826 ± 0.023,0.018,"[0.004, 0.035]",1.090,0.991,0.018,*
Llama_3_2-3B-Instruct,100,Macro Precision,0.894 ± 0.038,0.892 ± 0.048,0.002,"[-0.037, 0.041]",0.036,0.555,0.890,ns
Llama_3_2-3B-Instruct,100,Macro Recall,0.808 ± 0.035,0.778 ± 0.053,0.031,"[-0.010, 0.074]",0.562,0.921,0.158,ns
Llama_3_2-3B-Instruct,100,Patient-Level Sensitivity,0.862 ± 0.038,0.834 ± 0.054,0.028,"[-0.014, 0.072]",0.507,0.904,0.192,ns
Llama_3_2-3B-Instruct,100,Patient-Level Specificity,0.992 ± 0.004,0.994 ± 0.004,-0.002,"[-0.006, 0.002]",-0.304,0.262,0.524,ns
Llama_3_2-3B-Instruct,500,Macro F1,0.879 ± 0.010,0.857 ± 0.018,0.023,"[0.006, 0.045]",0.989,0.999,0.002,**
Llama_3_2-3B-Instruct,500,Macro Precision,0.919 ± 0.024,0.895 ± 0.060,0.024,"[-0.030, 0.076]",0.354,0.806,0.388,ns
Llama_3_2-3B-Instruct,500,Macro Recall,0.847 ± 0.030,0.833 ± 0.075,0.014,"[-0.051, 0.095]",0.156,0.599,0.802,ns
Llama_3_2-3B-Instruct,500,Patient-Level Sensitivity,0.897 ± 0.023,0.884 ± 0.052,0.012,"[-0.038, 0.068]",0.186,0.633,0.734,ns
Llama_3_2-3B-Instruct,500,Patient-Level Specificity,0.994 ± 0.003,0.993 ± 0.006,0.001,"[-0.004, 0.006]",0.122,0.623,0.754,ns
Llama_3_2-3B-Instruct,800,Macro F1,0.891 ± 0.008,0.870 ± 0.014,0.021,"[0.009, 0.033]",1.646,1.000,<0.001,***
Llama_3_2-3B-Instruct,800,Macro Precision,0.918 ± 0.009,0.934 ± 0.022,-0.016,"[-0.034, -0.000]",-0.887,0.019,0.038,*
Llama_3_2-3B-Instruct,800,Macro Recall,0.867 ± 0.014,0.822 ± 0.039,0.045,"[0.018, 0.074]",1.322,1.000,<0.001,***
Llama_3_2-3B-Instruct,800,Patient-Level Sensitivity,0.914 ± 0.010,0.880 ± 0.040,0.034,"[0.010, 0.060]",1.097,1.000,<0.001,***
Llama_3_2-3B-Instruct,800,Patient-Level Specificity,0.993 ± 0.002,0.995 ± 0.002,-0.002,"[-0.004, -0.000]",-0.966,0.012,0.024,*
Llama_3_2-3B-Instruct,1100,Macro F1,0.902 ± 0.004,0.890 ± 0.004,0.012,"[0.005, 0.020]",2.396,0.999,0.002,**
Llama_3_2-3B-Instruct,1100,Macro Precision,0.937 ± 0.022,0.918 ± 0.024,0.019,"[-0.001, 0.040]",0.796,0.971,0.058,ns
Llama_3_2-3B-Instruct,1100,Macro Recall,0.874 ± 0.020,0.867 ± 0.021,0.007,"[-0.013, 0.025]",0.293,0.723,0.554,ns
Llama_3_2-3B-Instruct,1100,Patient-Level Sensitivity,0.924 ± 0.018,0.918 ± 0.012,0.006,"[-0.014, 0.024]",0.266,0.712,0.576,ns
Llama_3_2-3B-Instruct,1100,Patient-Level Specificity,0.995 ± 0.003,0.993 ± 0.003,0.001,"[-0.001, 0.005]",0.375,0.819,0.362,ns
gemma-3-12b-it,20,Macro F1,0.900 ± 0.002,0.898 ± 0.002,0.002,"[-0.001, 0.005]",0.627,0.873,0.254,ns
gemma-3-12b-it,20,Macro Precision,0.908 ± 0.005,0.911 ± 0.006,-0.003,"[-0.008, 0.002]",-0.522,0.151,0.302,ns
gemma-3-12b-it,20,Macro Recall,0.897 ± 0.004,0.891 ± 0.010,0.006,"[-0.001, 0.014]",0.708,0.961,0.078,ns
gemma-3-12b-it,20,Patient-Level Sensitivity,0.914 ± 0.004,0.908 ± 0.010,0.007,"[0.000, 0.015]",0.716,0.975,0.050,ns
gemma-3-12b-it,20,Patient-Level Specificity,0.994 ± 0.000,0.994 ± 0.001,-0.000,"[-0.001, 0.000]",-0.762,0.044,0.088,ns
gemma-3-12b-it,100,Macro F1,0.907 ± 0.005,0.903 ± 0.009,0.004,"[-0.004, 0.013]",0.395,0.802,0.396,ns
gemma-3-12b-it,100,Macro Precision,0.921 ± 0.013,0.931 ± 0.013,-0.010,"[-0.022, 0.002]",-0.687,0.062,0.124,ns
gemma-3-12b-it,100,Macro Recall,0.897 ± 0.019,0.880 ± 0.026,0.017,"[-0.004, 0.035]",0.663,0.943,0.114,ns
gemma-3-12b-it,100,Patient-Level Sensitivity,0.915 ± 0.025,0.900 ± 0.021,0.015,"[-0.006, 0.035]",0.571,0.910,0.180,ns
gemma-3-12b-it,100,Patient-Level Specificity,0.994 ± 0.003,0.995 ± 0.001,-0.002,"[-0.004, 0.000]",-0.660,0.058,0.116,ns
gemma-3-12b-it,500,Macro F1,0.917 ± 0.005,0.913 ± 0.008,0.004,"[-0.003, 0.010]",0.534,0.872,0.256,ns
gemma-3-12b-it,500,Macro Precision,0.941 ± 0.013,0.928 ± 0.025,0.013,"[-0.001, 0.029]",0.709,0.959,0.082,ns
gemma-3-12b-it,500,Macro Recall,0.895 ± 0.002,0.901 ± 0.014,-0.006,"[-0.016, 0.005]",-0.526,0.129,0.258,ns
gemma-3-12b-it,500,Patient-Level Sensitivity,0.910 ± 0.005,0.921 ± 0.018,-0.011,"[-0.026, 0.004]",-0.666,0.067,0.134,ns
gemma-3-12b-it,500,Patient-Level Specificity,0.997 ± 0.001,0.996 ± 0.002,0.001,"[-0.000, 0.002]",0.637,0.910,0.180,ns
gemma-3-12b-it,800,Macro F1,0.923 ± 0.003,0.919 ± 0.007,0.004,"[-0.004, 0.013]",0.456,0.847,0.306,ns
gemma-3-12b-it,800,Macro Precision,0.947 ± 0.010,0.952 ± 0.009,-0.005,"[-0.011, 0.001]",-1.123,0.048,0.096,ns
gemma-3-12b-it,800,Macro Recall,0.901 ± 0.009,0.889 ± 0.018,0.012,"[-0.002, 0.028]",0.690,0.955,0.090,ns
gemma-3-12b-it,800,Patient-Level Sensitivity,0.915 ± 0.010,0.905 ± 0.014,0.010,"[-0.004, 0.026]",0.576,0.908,0.184,ns
gemma-3-12b-it,800,Patient-Level Specificity,0.997 ± 0.001,0.998 ± 0.001,-0.001,"[-0.001, 0.000]",-0.808,0.053,0.106,ns
gemma-3-12b-it,1100,Macro F1,0.925 ± 0.003,0.921 ± 0.006,0.004,"[-0.003, 0.012]",0.528,0.873,0.254,ns
gemma-3-12b-it,1100,Macro Precision,0.953 ± 0.008,0.944 ± 0.016,0.009,"[-0.007, 0.026]",0.451,0.852,0.296,ns
gemma-3-12b-it,1100,Macro Recall,0.899 ± 0.007,0.900 ± 0.017,-0.001,"[-0.016, 0.015]",-0.040,0.469,0.938,ns
gemma-3-12b-it,1100,Patient-Level Sensitivity,0.914 ± 0.008,0.921 ± 0.025,-0.008,"[-0.028, 0.013]",-0.316,0.226,0.452,ns
gemma-3-12b-it,1100,Patient-Level Specificity,0.998 ± 0.000,0.996 ± 0.002,0.002,"[0.000, 0.004]",0.868,0.985,0.030,*
gemma-3-1b-it,20,Macro F1,0.309 ± 0.022,0.272 ± 0.038,0.037,"[0.007, 0.080]",0.832,0.998,0.004,**
gemma-3-1b-it,20,Macro Precision,0.549 ± 0.076,0.541 ± 0.102,0.008,"[-0.082, 0.072]",0.087,0.453,0.906,ns
gemma-3-1b-it,20,Macro Recall,0.293 ± 0.095,0.204 ± 0.042,0.088,"[0.019, 0.169]",0.939,0.999,0.002,**
gemma-3-1b-it,20,Patient-Level Sensitivity,0.451 ± 0.183,0.274 ± 0.058,0.177,"[0.039, 0.320]",0.956,0.999,0.002,**
gemma-3-1b-it,20,Patient-Level Specificity,0.972 ± 0.026,0.991 ± 0.005,-0.019,"[-0.042, 0.000]",-0.707,0.033,0.066,ns
gemma-3-1b-it,100,Macro F1,0.483 ± 0.121,0.337 ± 0.103,0.147,"[0.101, 0.193]",2.526,1.000,<0.001,***
gemma-3-1b-it,100,Macro Precision,0.760 ± 0.112,0.711 ± 0.127,0.050,"[-0.040, 0.142]",0.462,0.881,0.238,ns
gemma-3-1b-it,100,Macro Recall,0.406 ± 0.147,0.264 ± 0.099,0.142,"[0.082, 0.199]",1.901,1.000,<0.001,***
gemma-3-1b-it,100,Patient-Level Sensitivity,0.514 ± 0.149,0.360 ± 0.137,0.153,"[0.091, 0.213]",2.006,1.000,<0.001,***
gemma-3-1b-it,100,Patient-Level Specificity,0.990 ± 0.007,0.988 ± 0.009,0.001,"[-0.005, 0.007]",0.174,0.706,0.588,ns
gemma-3-1b-it,500,Macro F1,0.647 ± 0.061,0.494 ± 0.081,0.153,"[0.101, 0.193]",2.611,1.000,<0.001,***
gemma-3-1b-it,500,Macro Precision,0.788 ± 0.040,0.788 ± 0.047,0.000,"[-0.063, 0.067]",0.005,0.471,0.942,ns
gemma-3-1b-it,500,Macro Recall,0.566 ± 0.098,0.386 ± 0.077,0.180,"[0.110, 0.244]",2.127,1.000,<0.001,***
gemma-3-1b-it,500,Patient-Level Sensitivity,0.672 ± 0.097,0.510 ± 0.071,0.162,"[0.112, 0.210]",2.757,1.000,<0.001,***
gemma-3-1b-it,500,Patient-Level Specificity,0.992 ± 0.003,0.992 ± 0.003,-0.000,"[-0.003, 0.002]",-0.140,0.358,0.716,ns
gemma-3-1b-it,800,Macro F1,0.723 ± 0.028,0.587 ± 0.036,0.137,"[0.089, 0.177]",2.568,1.000,<0.001,***
gemma-3-1b-it,800,Macro Precision,0.831 ± 0.033,0.836 ± 0.064,-0.005,"[-0.064, 0.061]",-0.067,0.419,0.838,ns
gemma-3-1b-it,800,Macro Recall,0.654 ± 0.049,0.468 ± 0.043,0.186,"[0.118, 0.241]",2.374,1.000,<0.001,***
gemma-3-1b-it,800,Patient-Level Sensitivity,0.749 ± 0.051,0.591 ± 0.039,0.158,"[0.084, 0.214]",1.909,1.000,<0.001,***
gemma-3-1b-it,800,Patient-Level Specificity,0.992 ± 0.003,0.993 ± 0.002,-0.002,"[-0.005, 0.002]",-0.409,0.185,0.370,ns
gemma-3-1b-it,1100,Macro F1,0.782 ± 0.023,0.646 ± 0.023,0.136,"[0.104, 0.167]",3.762,1.000,<0.001,***
gemma-3-1b-it,1100,Macro Precision,0.879 ± 0.028,0.833 ± 0.017,0.046,"[0.013, 0.075]",1.318,0.997,0.006,**
gemma-3-1b-it,1100,Macro Recall,0.713 ± 0.032,0.553 ± 0.024,0.160,"[0.121, 0.196]",3.576,1.000,<0.001,***
gemma-3-1b-it,1100,Patient-Level Sensitivity,0.794 ± 0.025,0.685 ± 0.030,0.109,"[0.072, 0.147]",2.435,1.000,<0.001,***
gemma-3-1b-it,1100,Patient-Level Specificity,0.994 ± 0.001,0.990 ± 0.001,0.004,"[0.003, 0.006]",3.171,1.000,<0.001,***
gemma-3-4b-it,20,Macro F1,0.798 ± 0.007,0.739 ± 0.023,0.059,"[0.041, 0.075]",2.768,1.000,<0.001,***
gemma-3-4b-it,20,Macro Precision,0.710 ± 0.013,0.617 ± 0.031,0.093,"[0.069, 0.116]",3.295,1.000,<0.001,***
gemma-3-4b-it,20,Macro Recall,0.926 ± 0.006,0.948 ± 0.005,-0.023,"[-0.030, -0.015]",-3.014,0.000,<0.001,***
gemma-3-4b-it,20,Patient-Level Sensitivity,0.956 ± 0.005,0.971 ± 0.003,-0.015,"[-0.021, -0.009]",-2.626,0.000,<0.001,***
gemma-3-4b-it,20,Patient-Level Specificity,0.978 ± 0.002,0.964 ± 0.006,0.014,"[0.010, 0.018]",3.129,1.000,<0.001,***
gemma-3-4b-it,100,Macro F1,0.853 ± 0.035,0.797 ± 0.043,0.056,"[0.014, 0.110]",0.921,1.000,<0.001,***
gemma-3-4b-it,100,Macro Precision,0.825 ± 0.076,0.706 ± 0.068,0.119,"[0.034, 0.215]",1.040,1.000,<0.001,***
gemma-3-4b-it,100,Macro Recall,0.893 ± 0.023,0.936 ± 0.012,-0.042,"[-0.066, -0.019]",-1.436,0.000,<0.001,***
gemma-3-4b-it,100,Patient-Level Sensitivity,0.926 ± 0.026,0.962 ± 0.008,-0.036,"[-0.058, -0.012]",-1.138,0.000,<0.001,***
gemma-3-4b-it,100,Patient-Level Specificity,0.989 ± 0.007,0.977 ± 0.009,0.012,"[0.003, 0.023]",0.952,1.000,<0.001,***
gemma-3-4b-it,500,Macro F1,0.889 ± 0.010,0.860 ± 0.020,0.029,"[0.012, 0.048]",1.408,1.000,<0.001,***
gemma-3-4b-it,500,Macro Precision,0.888 ± 0.023,0.849 ± 0.051,0.038,"[-0.007, 0.086]",0.635,0.951,0.098,ns
gemma-3-4b-it,500,Macro Recall,0.896 ± 0.015,0.883 ± 0.024,0.013,"[-0.009, 0.035]",0.503,0.882,0.236,ns
gemma-3-4b-it,500,Patient-Level Sensitivity,0.934 ± 0.012,0.916 ± 0.038,0.018,"[-0.012, 0.046]",0.483,0.889,0.222,ns
gemma-3-4b-it,500,Patient-Level Specificity,0.994 ± 0.001,0.990 ± 0.005,0.004,"[0.000, 0.009]",0.805,0.977,0.046,*
gemma-3-4b-it,800,Macro F1,0.899 ± 0.001,0.876 ± 0.014,0.023,"[0.011, 0.035]",1.699,1.000,<0.001,***
gemma-3-4b-it,800,Macro Precision,0.895 ± 0.014,0.886 ± 0.028,0.009,"[-0.007, 0.024]",0.558,0.846,0.308,ns
gemma-3-4b-it,800,Macro Recall,0.905 ± 0.012,0.871 ± 0.026,0.034,"[0.019, 0.051]",1.793,1.000,<0.001,***
gemma-3-4b-it,800,Patient-Level Sensitivity,0.953 ± 0.011,0.923 ± 0.023,0.029,"[0.014, 0.044]",1.585,1.000,<0.001,***
gemma-3-4b-it,800,Patient-Level Specificity,0.992 ± 0.001,0.993 ± 0.004,-0.001,"[-0.003, 0.003]",-0.232,0.251,0.502,ns
gemma-3-4b-it,1100,Macro F1,0.909 ± 0.004,0.885 ± 0.022,0.024,"[0.007, 0.044]",1.056,0.999,0.002,**
gemma-3-4b-it,1100,Macro Precision,0.929 ± 0.014,0.883 ± 0.062,0.046,"[-0.002, 0.101]",0.698,0.970,0.060,ns
gemma-3-4b-it,1100,Macro Recall,0.893 ± 0.010,0.899 ± 0.028,-0.007,"[-0.032, 0.015]",-0.240,0.285,0.570,ns
gemma-3-4b-it,1100,Patient-Level Sensitivity,0.943 ± 0.014,0.937 ± 0.025,0.006,"[-0.015, 0.027]",0.241,0.693,0.614,ns
gemma-3-4b-it,1100,Patient-Level Specificity,0.995 ± 0.002,0.987 ± 0.010,0.007,"[-0.000, 0.016]",0.717,0.968,0.064,ns
phi-3_5-mini-instruct,20,Macro F1,0.861 ± 0.003,0.860 ± 0.009,0.001,"[-0.007, 0.010]",0.119,0.594,0.812,ns
phi-3_5-mini-instruct,20,Macro Precision,0.887 ± 0.010,0.894 ± 0.019,-0.007,"[-0.019, 0.007]",-0.419,0.171,0.342,ns
phi-3_5-mini-instruct,20,Macro Recall,0.846 ± 0.013,0.839 ± 0.030,0.006,"[-0.018, 0.030]",0.213,0.716,0.568,ns
phi-3_5-mini-instruct,20,Patient-Level Sensitivity,0.896 ± 0.012,0.895 ± 0.024,0.001,"[-0.021, 0.020]",0.023,0.519,0.962,ns
phi-3_5-mini-instruct,20,Patient-Level Specificity,0.992 ± 0.001,0.993 ± 0.002,-0.000,"[-0.002, 0.001]",-0.048,0.455,0.910,ns
phi-3_5-mini-instruct,100,Macro F1,0.867 ± 0.004,0.863 ± 0.002,0.004,"[-0.001, 0.009]",0.870,0.921,0.158,ns
phi-3_5-mini-instruct,100,Macro Precision,0.906 ± 0.005,0.903 ± 0.016,0.004,"[-0.012, 0.017]",0.225,0.695,0.610,ns
phi-3_5-mini-instruct,100,Macro Recall,0.837 ± 0.005,0.835 ± 0.017,0.002,"[-0.007, 0.015]",0.192,0.660,0.680,ns
phi-3_5-mini-instruct,100,Patient-Level Sensitivity,0.889 ± 0.006,0.888 ± 0.015,0.000,"[-0.009, 0.012]",0.026,0.532,0.936,ns
phi-3_5-mini-instruct,100,Patient-Level Specificity,0.994 ± 0.000,0.994 ± 0.001,0.000,"[-0.001, 0.001]",0.026,0.520,0.960,ns
phi-3_5-mini-instruct,500,Macro F1,0.872 ± 0.001,0.868 ± 0.005,0.004,"[-0.002, 0.011]",0.895,0.919,0.162,ns
phi-3_5-mini-instruct,500,Macro Precision,0.897 ± 0.002,0.923 ± 0.011,-0.026,"[-0.036, -0.015]",-2.224,0.000,<0.001,***
phi-3_5-mini-instruct,500,Macro Recall,0.856 ± 0.003,0.823 ± 0.005,0.033,"[0.024, 0.040]",5.165,1.000,<0.001,***
phi-3_5-mini-instruct,500,Patient-Level Sensitivity,0.910 ± 0.002,0.878 ± 0.008,0.031,"[0.022, 0.040]",3.410,1.000,<0.001,***
phi-3_5-mini-instruct,500,Patient-Level Specificity,0.993 ± 0.000,0.995 ± 0.001,-0.002,"[-0.003, -0.001]",-2.721,0.000,<0.001,***
phi-3_5-mini-instruct,800,Macro F1,0.876 ± 0.003,0.871 ± 0.005,0.006,"[-0.001, 0.013]",0.807,0.948,0.104,ns
phi-3_5-mini-instruct,800,Macro Precision,0.913 ± 0.008,0.916 ± 0.020,-0.003,"[-0.026, 0.016]",-0.117,0.470,0.940,ns
phi-3_5-mini-instruct,800,Macro Recall,0.847 ± 0.007,0.836 ± 0.012,0.011,"[-0.004, 0.025]",0.705,0.936,0.128,ns
phi-3_5-mini-instruct,800,Patient-Level Sensitivity,0.893 ± 0.004,0.892 ± 0.008,0.002,"[-0.007, 0.011]",0.184,0.628,0.744,ns
phi-3_5-mini-instruct,800,Patient-Level Specificity,0.994 ± 0.001,0.995 ± 0.001,-0.000,"[-0.002, 0.001]",-0.264,0.320,0.640,ns
phi-3_5-mini-instruct,1100,Macro F1,0.880 ± 0.003,0.877 ± 0.008,0.003,"[-0.005, 0.012]",0.407,0.784,0.432,ns
phi-3_5-mini-instruct,1100,Macro Precision,0.919 ± 0.004,0.938 ± 0.011,-0.019,"[-0.031, -0.008]",-1.474,0.000,<0.001,***
phi-3_5-mini-instruct,1100,Macro Recall,0.848 ± 0.006,0.827 ± 0.018,0.021,"[0.007, 0.036]",1.270,1.000,<0.001,***
phi-3_5-mini-instruct,1100,Patient-Level Sensitivity,0.897 ± 0.004,0.880 ± 0.011,0.017,"[0.006, 0.029]",1.560,0.999,0.002,**
phi-3_5-mini-instruct,1100,Patient-Level Specificity,0.995 ± 0.000,0.996 ± 0.000,-0.002,"[-0.002, -0.001]",-5.335,0.000,<0.001,***
