model,model_display,epoch,seed,n_cases,macro_f1,Occ_Condyle_Fracture_f1,C1_Fracture_f1,C2_Fracture_f1,C3_Fracture_f1,C4_Fracture_f1,C5_Fracture_f1,C6_Fracture_f1,C7_Fracture_f1
gemma-3-4b-it,Gemma-4B,0,0,7503,0.6688956799495405,0.4541832669322709,0.7003891050583657,0.7830423940149626,0.5666666666666667,0.5543859649122806,0.6852367688022283,0.7451923076923077,0.8620689655172413
gemma-3-4b-it,Gemma-4B,1,42,7503,0.8924664508009325,0.8582995951417005,0.88659793814433,0.9002849002849003,0.875,0.9012345679012346,0.872,0.9278996865203761,0.9184149184149184
gemma-3-4b-it,Gemma-4B,1,205,7503,0.827332977812851,0.6818181818181818,0.8268156424581005,0.901098901098901,0.7843137254901961,0.8045977011494253,0.848,0.8945686900958466,0.8774509803921569
gemma-3-4b-it,Gemma-4B,1,209,7503,0.8735761957858668,0.8296296296296296,0.9021739130434784,0.8945868945868947,0.8366013071895425,0.8622754491017964,0.8512396694214877,0.8952380952380952,0.9168646080760096
gemma-3-4b-it,Gemma-4B,2,42,7503,0.9042264506247619,0.8732394366197183,0.9111111111111111,0.9539295392953929,0.8936170212765958,0.9,0.8451882845188284,0.923076923076923,0.933649289099526
gemma-3-4b-it,Gemma-4B,2,58,7503,0.9054360971016661,0.8934426229508198,0.9222222222222223,0.9382022471910112,0.8571428571428571,0.9012345679012346,0.8870967741935484,0.9240506329113924,0.9200968523002422
gemma-3-4b-it,Gemma-4B,2,205,7503,0.8918285842007299,0.7692307692307692,0.9090909090909091,0.9247311827956989,0.9078014184397163,0.9156626506024096,0.8602941176470588,0.9212121212121211,0.9266055045871558
gemma-3-4b-it,Gemma-4B,2,209,7503,0.8594234658764726,0.6587537091988132,0.924731182795699,0.9295039164490861,0.8609271523178808,0.8603351955307262,0.849122807017544,0.8825214899713467,0.9094922737306843
gemma-3-4b-it,Gemma-4B,2,1018,7503,0.8644276288318544,0.5866666666666666,0.9109947643979057,0.9340369393139842,0.9078014184397163,0.8837209302325582,0.8634686346863468,0.9101796407185628,0.918552036199095
gemma-3-4b-it,Gemma-4B,3,42,7503,0.8761220009461149,0.9251101321585902,0.8520710059171599,0.879765395894428,0.8467153284671534,0.8734177215189872,0.8461538461538461,0.8903654485049834,0.8953771289537712
gemma-3-4b-it,Gemma-4B,3,205,7503,0.8852373815842172,0.8557692307692307,0.8914285714285713,0.923943661971831,0.8484848484848485,0.8903225806451612,0.865546218487395,0.9,0.9064039408866995
gemma-3-4b-it,Gemma-4B,3,209,7503,0.9011311797871775,0.8582677165354331,0.9171270718232045,0.9305912596401028,0.8918918918918918,0.9005847953216374,0.8856088560885609,0.9101796407185628,0.9147982062780269
gemma-3-4b-it,Gemma-4B,4,42,7503,0.8832718438636245,0.8839285714285714,0.8620689655172414,0.9187675070028012,0.8549618320610686,0.8679245283018867,0.8619246861924685,0.9096774193548388,0.9069212410501193
gemma-3-4b-it,Gemma-4B,4,205,7503,0.9014577909225174,0.9083333333333333,0.9197860962566845,0.9293478260869567,0.8571428571428571,0.8695652173913043,0.8688524590163933,0.9333333333333333,0.9253012048192771
gemma-3-4b-it,Gemma-4B,4,209,7503,0.8846634620256988,0.8571428571428572,0.8914285714285713,0.931129476584022,0.8299319727891157,0.8742514970059881,0.8641975308641976,0.9061488673139158,0.9230769230769231
gemma-3-4b-it,Gemma-4B,6,42,7503,0.8943405081622677,0.7898550724637682,0.9411764705882354,0.9534246575342465,0.887218045112782,0.8627450980392156,0.8852459016393442,0.9061488673139158,0.928909952606635
gemma-3-4b-it,Gemma-4B,6,205,7503,0.8901834554807857,0.859504132231405,0.8977272727272727,0.925207756232687,0.8400000000000001,0.8862275449101796,0.8835341365461846,0.9113924050632912,0.9178743961352657
gemma-3-4b-it,Gemma-4B,6,209,7503,0.8725615772501298,0.676737160120846,0.901098901098901,0.9358288770053476,0.863013698630137,0.8809523809523809,0.8812260536398467,0.918918918918919,0.9227166276346604
gemma-3-4b-it,Gemma-4B,10,42,7503,0.8967511550160632,0.8879310344827587,0.8837209302325582,0.9243697478991597,0.876923076923077,0.9044585987261147,0.884297520661157,0.9036544850498339,0.908653846153846
gemma-3-4b-it,Gemma-4B,10,205,7503,0.869405387380016,0.6103542234332425,0.8829787234042553,0.9234828496042216,0.8794326241134751,0.906832298136646,0.9011857707509882,0.9278996865203761,0.9230769230769231
gemma-3-4b-it,Gemma-4B,10,209,7503,0.8684606937187436,0.6525679758308157,0.9152542372881356,0.9541778975741241,0.88,0.872093023255814,0.8540925266903916,0.8982035928143713,0.9212962962962964
