method,setting,seed,input_rows,duplicate_rows_removed,n_cases,macro_f1,Occ_Condyle_Fracture_f1,C1_Fracture_f1,C2_Fracture_f1,C3_Fracture_f1,C4_Fracture_f1,C5_Fracture_f1,C6_Fracture_f1,C7_Fracture_f1
MedPhi Baseline,Zero-shot,0.0,7503,0,7503,0.7303648162577412,0.7545787545787546,0.8272251308900523,0.7682539682539683,0.6782608695652174,0.6178861788617885,0.708133971291866,0.7315175097276265,0.7570621468926554
Standard LoRA,s1100,42.0,7503,0,7503,0.8615117739690341,0.8436018957345972,0.8666666666666667,0.9175824175824175,0.8412698412698413,0.8157894736842106,0.8235294117647058,0.9036544850498339,0.88
Standard LoRA,s1100,58.0,7503,0,7503,0.8657308574474909,0.8518518518518519,0.8426395939086295,0.9230769230769231,0.8346456692913385,0.8421052631578947,0.8250000000000001,0.9055374592833876,0.900990099009901
Standard LoRA,s1100,205.0,7503,0,7503,0.8713910565805787,0.8869565217391304,0.8400000000000001,0.9075630252100839,0.8307692307692307,0.8427672955974843,0.8442622950819673,0.9185667752442996,0.9002433090024331
Standard LoRA,s1100,209.0,7503,0,7503,0.8749633557674762,0.8771929824561402,0.891304347826087,0.9260273972602738,0.8437499999999999,0.8187919463087249,0.8189655172413793,0.9150326797385621,0.908641975308642
Standard LoRA,s1100,1018.0,7503,0,7503,0.8701394876795485,0.8622222222222222,0.8709677419354839,0.915068493150685,0.8225806451612904,0.8441558441558441,0.8403361344537815,0.9185667752442996,0.8872180451127819
Impression-Reg LoRA,Impression-Reg LoRA (lambda=0.05),42.0,7503,0,7503,0.8915433568592751,0.9177489177489178,0.8864864864864865,0.925207756232687,0.8854961832061069,0.8571428571428571,0.8487394957983193,0.922077922077922,0.8894472361809045
Impression-Reg LoRA,Impression-Reg LoRA (lambda=0.05),58.0,7503,0,7503,0.882354771547581,0.9137931034482759,0.8762886597938143,0.9277777777777778,0.8837209302325583,0.8456375838926173,0.8333333333333333,0.8976897689768977,0.8805970149253732
Impression-Reg LoRA,Impression-Reg LoRA (lambda=0.05),205.0,7503,0,7503,0.8737725321392702,0.907488986784141,0.8510638297872339,0.9209039548022598,0.859375,0.8194444444444444,0.8403361344537815,0.9049180327868852,0.8866498740554156
Impression-Reg LoRA,Impression-Reg LoRA (lambda=0.05),209.0,7503,0,7503,0.8701661019008738,0.8818181818181818,0.8839779005524862,0.9173789173789173,0.873015873015873,0.8299319727891156,0.825531914893617,0.888135593220339,0.8615384615384615
Impression-Reg LoRA,Impression-Reg LoRA (lambda=0.05),1018.0,7503,0,7503,0.8940010454564793,0.9184549356223176,0.8663101604278075,0.9277777777777778,0.875,0.8684210526315789,0.8571428571428572,0.9320388349514563,0.9068627450980391
Impression-Reg LoRA,Impression-Reg LoRA (lambda=0.1),42.0,7503,0,7503,0.8823286912943351,0.8986784140969163,0.8709677419354839,0.9192200557103063,0.8702290076335878,0.8627450980392156,0.8487394957983193,0.9114754098360657,0.8765743073047859
Impression-Reg LoRA,Impression-Reg LoRA (lambda=0.1),58.0,7503,0,7503,0.8859927311977942,0.9035087719298246,0.8820512820512821,0.9303621169916435,0.8837209302325583,0.8627450980392156,0.8360655737704917,0.9055374592833876,0.8839506172839506
Impression-Reg LoRA,Impression-Reg LoRA (lambda=0.1),205.0,7503,0,7503,0.8728114127585902,0.8986784140969163,0.8691099476439791,0.905982905982906,0.859375,0.8275862068965518,0.8354430379746836,0.9013157894736843,0.885
Impression-Reg LoRA,Impression-Reg LoRA (lambda=0.1),209.0,7503,0,7503,0.8696902040575338,0.8858447488584476,0.879120879120879,0.9204545454545455,0.873015873015873,0.8299319727891156,0.8305084745762712,0.8918918918918919,0.8467532467532467
Impression-Reg LoRA,Impression-Reg LoRA (lambda=0.1),1018.0,7503,0,7503,0.8917605790574865,0.907488986784141,0.8756756756756757,0.9187675070028012,0.8837209302325583,0.8609271523178809,0.8571428571428572,0.9315960912052118,0.8987654320987655
