model,method,training_n,seed,macro_f1,macro_precision,macro_recall,report_sensitivity,report_specificity
Llama_3_2-3B-Instruct,standard,100,1018,0.848710315531942,0.9199705360564489,0.7886097388098593,0.8378378378378378,0.9950270586514554
Llama_3_2-3B-Instruct,standard,100,205,0.7924562695832257,0.9374219316576959,0.6895528180746802,0.7447447447447447,0.9980985812490859
Llama_3_2-3B-Instruct,standard,100,209,0.8441594293449489,0.8884596949528301,0.8058709737170842,0.8603603603603603,0.9934181658622203
Llama_3_2-3B-Instruct,standard,100,42,0.8329387707284006,0.9003567824527147,0.7765484798902355,0.8408408408408409,0.9947345326897762
Llama_3_2-3B-Instruct,standard,100,58,0.8124041435107383,0.8136387861628245,0.8270206452583782,0.8873873873873874,0.988006435571157
Llama_3_2-3B-Instruct,standard,1064,1018,0.8922167166001069,0.8951567935141068,0.891294711941585,0.9324324324324325,0.9890302764370338
Llama_3_2-3B-Instruct,standard,1064,205,0.886137315224064,0.9358443569244504,0.8434591523517002,0.9009009009009009,0.9951733216322949
Llama_3_2-3B-Instruct,standard,1064,209,0.8954531011529564,0.9367894862278874,0.8606555640844985,0.9219219219219219,0.9953195846131344
Llama_3_2-3B-Instruct,standard,1064,42,0.889718970564064,0.9325616893824624,0.8533126595923416,0.9129129129129129,0.9951733216322949
Llama_3_2-3B-Instruct,standard,1064,58,0.8866019474583713,0.8887381209184853,0.8865876246704217,0.9219219219219219,0.9915167471113061
Llama_3_2-3B-Instruct,standard,20,1018,0.8238790476811119,0.938675690350613,0.7365805881694708,0.7912912912912913,0.9972210033640485
Llama_3_2-3B-Instruct,standard,20,205,0.8254175275557791,0.8675220965240503,0.7930920417831315,0.8393393393393394,0.9922480620155039
Llama_3_2-3B-Instruct,standard,20,209,0.8110889809154584,0.7813864841927203,0.854372165132318,0.9084084084084084,0.9846423870118473
Llama_3_2-3B-Instruct,standard,20,42,0.7850919368161399,0.9636087061452614,0.6639556293991202,0.7222222222222222,0.9985373701916045
Llama_3_2-3B-Instruct,standard,20,58,0.8068625083896027,0.7679249071850229,0.863949482500517,0.918918918918919,0.9814246014333772
Llama_3_2-3B-Instruct,standard,500,1018,0.8619200314962158,0.8103611621281046,0.9242743254459975,0.954954954954955,0.9825947052800936
Llama_3_2-3B-Instruct,standard,500,205,0.8673026926324721,0.8776256637595343,0.8620085736743771,0.8798798798798799,0.9948807956706157
Llama_3_2-3B-Instruct,standard,500,209,0.8599945135187468,0.9597761831198395,0.7849361605049027,0.8543543543543544,0.9975135293257277
Llama_3_2-3B-Instruct,standard,500,42,0.8243288026074576,0.947379059576285,0.7315461511714959,0.8213213213213213,0.9961971624981717
Llama_3_2-3B-Instruct,standard,500,58,0.8693064414844931,0.8818992303582601,0.8607307511508542,0.9114114114114115,0.9932719028813807
Llama_3_2-3B-Instruct,standard,800,1018,0.8485476403654141,0.9567725490912548,0.7670794755974237,0.8213213213213213,0.9954658475939739
Llama_3_2-3B-Instruct,standard,800,205,0.8658077345502923,0.9575849482978188,0.7962206599142215,0.8573573573573574,0.9976597923065672
Llama_3_2-3B-Instruct,standard,800,209,0.8783103953869347,0.9132654056972642,0.8500310811508603,0.8993993993993994,0.9942957437472576
Llama_3_2-3B-Instruct,standard,800,42,0.8787640672349284,0.9136501999142002,0.8558346557916476,0.9114114114114115,0.9928331139388621
Llama_3_2-3B-Instruct,standard,800,58,0.8808884878408856,0.9302480593843053,0.8421923829343647,0.9114114114114115,0.9937106918238994
gemma-3-12b-it,standard,100,1018,0.8880441828273505,0.942748622732233,0.8415894674044728,0.8678678678678678,0.9972210033640485
gemma-3-12b-it,standard,100,205,0.9125666843625122,0.9233334700444242,0.9061844401529261,0.9219219219219219,0.9938569548047389
gemma-3-12b-it,standard,100,209,0.9039723423165338,0.9192962479421939,0.8940000355976087,0.9114114114114115,0.9954658475939739
gemma-3-12b-it,standard,100,42,0.9051680367535504,0.9224398947798453,0.8931106390831175,0.9099099099099099,0.9944420067280971
gemma-3-12b-it,standard,100,58,0.9030126852848588,0.9480340992439914,0.8642986757614946,0.8903903903903904,0.9964896884598509
gemma-3-12b-it,standard,1064,1018,0.909783913396043,0.9391873775711685,0.8825661221971788,0.8933933933933934,0.9976597923065672
gemma-3-12b-it,standard,1064,205,0.9231233472039766,0.9268627138105622,0.9203157108334108,0.9474474474474475,0.9929793769197016
gemma-3-12b-it,standard,1064,209,0.9229858208913029,0.969404379984226,0.8809681895490993,0.8963963963963963,0.998391107210765
gemma-3-12b-it,standard,1064,42,0.9250204475950639,0.9407646511692909,0.9104820867782398,0.9429429429429429,0.9937106918238994
gemma-3-12b-it,standard,1064,58,0.923160619030826,0.9429834679291518,0.9046202442438781,0.9264264264264265,0.9960508995173322
gemma-3-12b-it,standard,20,1018,0.8975385805854461,0.9060010792712466,0.8958069306750461,0.9114114114114115,0.9935644288430598
gemma-3-12b-it,standard,20,205,0.8987921096051856,0.9126554485982481,0.8915466517574145,0.9099099099099099,0.9940032177855784
gemma-3-12b-it,standard,20,209,0.9008017368897969,0.9091714805496226,0.8985663680977546,0.9129129129129129,0.9941494807664181
gemma-3-12b-it,standard,20,42,0.8973400505343214,0.9064673884538342,0.894577956872053,0.9129129129129129,0.9938569548047389
gemma-3-12b-it,standard,20,58,0.8941809643680617,0.921482304834492,0.8743221843398624,0.8903903903903904,0.9950270586514554
gemma-3-12b-it,standard,500,1018,0.9017018653486414,0.8947010509881514,0.9130706216561297,0.9384384384384384,0.9944420067280971
gemma-3-12b-it,standard,500,205,0.9151453216128269,0.9209097685067433,0.9105276381741997,0.933933933933934,0.9944420067280971
gemma-3-12b-it,standard,500,209,0.9174945703229896,0.9602006960001437,0.8789683327967815,0.8918918918918919,0.9982448442299254
gemma-3-12b-it,standard,500,42,0.923164939556114,0.9431944689111653,0.9049717565307568,0.9204204204204204,0.9967822144215299
gemma-3-12b-it,standard,500,58,0.9092196167997512,0.9211586784956233,0.8993185284028337,0.9204204204204204,0.9961971624981717
gemma-3-12b-it,standard,800,1018,0.9084797081133669,0.9600480799925972,0.8633701816197846,0.8873873873873874,0.9980985812490859
gemma-3-12b-it,standard,800,205,0.9189883142762668,0.9583418388328079,0.8833351339094797,0.8978978978978979,0.998391107210765
gemma-3-12b-it,standard,800,209,0.9189806536468655,0.9387149233502592,0.9009155846254949,0.9099099099099099,0.9975135293257277
gemma-3-12b-it,standard,800,42,0.9278907373167096,0.9480686816016465,0.9092370230033422,0.924924924924925,0.997074740383209
gemma-3-12b-it,standard,800,58,0.9204581760644092,0.9536081138612786,0.8898095080145563,0.9039039039039038,0.9980985812490859
gemma-3-1b-it,standard,100,1018,0.17288490418368158,0.7422486271101003,0.14316979047020528,0.27627627627627627,0.9768904490273512
gemma-3-1b-it,standard,100,205,0.3081416777808744,0.9080620809396553,0.1921486414822441,0.2222222222222222,0.998391107210765
gemma-3-1b-it,standard,100,209,0.36233075421102146,0.6001030633383574,0.27824596378174205,0.33483483483483484,0.9916630100921456
gemma-3-1b-it,standard,100,42,0.4126495211029544,0.7005416152474975,0.31350381603257405,0.3888888888888889,0.9929793769197016
gemma-3-1b-it,standard,100,58,0.4266247908795727,0.6016813340555736,0.3944465427804876,0.5780780780780781,0.9824484422992541
gemma-3-1b-it,standard,1064,1018,0.654158664749451,0.8210300862292959,0.5595712263863604,0.6966966966966966,0.9885914874945151
gemma-3-1b-it,standard,1064,205,0.6525303444642983,0.831487752614694,0.5619621967888907,0.6981981981981982,0.9902003802837502
gemma-3-1b-it,standard,1064,209,0.6541324834003244,0.8478136453031477,0.5617268312846282,0.6966966966966966,0.9887377504753547
gemma-3-1b-it,standard,1064,42,0.6043309886091537,0.8119226815586881,0.510773511113928,0.6321321321321322,0.991224221149627
gemma-3-1b-it,standard,1064,58,0.6623526154189687,0.8509981235312473,0.5704729429529365,0.7012012012012012,0.9891765394178733
gemma-3-1b-it,standard,20,1018,0.28788109351438507,0.5076335875100388,0.2203814723426312,0.2882882882882883,0.9904929062454293
gemma-3-1b-it,standard,20,205,0.317864209877163,0.6744777337705222,0.22441291827812038,0.2897897897897898,0.9938569548047389
gemma-3-1b-it,standard,20,209,0.2162677334512456,0.6097231619202821,0.13765931789656474,0.1816816816816817,0.9973672663448881
gemma-3-1b-it,standard,20,42,0.25599304744874785,0.4997293473631083,0.19248834502005527,0.2672672672672673,0.9906391692262688
gemma-3-1b-it,standard,20,58,0.2805321468846577,0.4129137335943762,0.24738454312835606,0.3408408408408408,0.9836185461459704
gemma-3-1b-it,standard,500,1018,0.47689891678313145,0.850585909367528,0.3456419871865433,0.4924924924924925,0.9947345326897762
gemma-3-1b-it,standard,500,205,0.5396533091787388,0.8233550274608668,0.4125462894450187,0.5435435435435435,0.9935644288430598
gemma-3-1b-it,standard,500,209,0.5685108835210168,0.7403101679677011,0.47855005262874106,0.5795795795795796,0.9888840134561943
gemma-3-1b-it,standard,500,42,0.36112981839497293,0.7501663171281199,0.2770800703150952,0.3948948948948949,0.9941494807664181
gemma-3-1b-it,standard,500,58,0.5223659081836793,0.7760451479211353,0.4172308582821831,0.5375375375375375,0.9899078543220711
gemma-3-1b-it,standard,800,1018,0.5635141404584089,0.7403344625892119,0.46121365136314474,0.5765765765765766,0.9913704841304666
gemma-3-1b-it,standard,800,205,0.554384690657469,0.8709295982791333,0.434759187481455,0.5705705705705706,0.9942957437472576
gemma-3-1b-it,standard,800,209,0.6386842378125556,0.8107838372613057,0.5353191170158023,0.6606606606606606,0.9915167471113061
gemma-3-1b-it,standard,800,42,0.5687652268231059,0.905320121445542,0.42843090682436136,0.566066066066066,0.9953195846131344
gemma-3-1b-it,standard,800,58,0.6085408352407858,0.8548356322047543,0.47914728476554913,0.581081081081081,0.9945882697089367
gemma-3-4b-it,standard,100,1018,0.7930273288669857,0.6971080793790939,0.9366162266041472,0.9624624624624625,0.9765979230656721
gemma-3-4b-it,standard,100,205,0.7984273115674217,0.706602586946796,0.9356731760701316,0.9654654654654654,0.9795231826824631
gemma-3-4b-it,standard,100,209,0.8216996952320603,0.7418582398485242,0.9307734760599253,0.960960960960961,0.9804007605675004
gemma-3-4b-it,standard,100,42,0.7279254444007714,0.601312049165071,0.9543952912543023,0.972972972972973,0.961386573058359
gemma-3-4b-it,standard,100,58,0.8430036029431924,0.7829927390325149,0.9218452514464958,0.9504504504504504,0.9861050168202428
gemma-3-4b-it,standard,1064,1018,0.8644276288318545,0.8336554798393991,0.9190832408088597,0.954954954954955,0.9774755009507093
gemma-3-4b-it,standard,1064,205,0.8918285842007299,0.8854031015082282,0.9059364625729475,0.9504504504504504,0.9859587538394032
gemma-3-4b-it,standard,1064,209,0.8594234658764726,0.8095273933016831,0.9297501387574071,0.9579579579579579,0.9777680269123885
gemma-3-4b-it,standard,1064,42,0.9042264506247619,0.9544563346709083,0.8615563976820942,0.9054054054054054,0.9976597923065672
gemma-3-4b-it,standard,1064,58,0.905436097101666,0.9338874603331702,0.8811675220395592,0.9144144144144144,0.9972210033640485
gemma-3-4b-it,standard,20,1018,0.7080910765209597,0.575573723728767,0.9513874175841397,0.9744744744744744,0.9559748427672956
gemma-3-4b-it,standard,20,205,0.7512334288320099,0.6348475279878442,0.9432537588789299,0.9669669669669669,0.9665057773877431
gemma-3-4b-it,standard,20,209,0.7663364036885724,0.6536400291285788,0.9448586377105782,0.96996996996997,0.9710399297937692
gemma-3-4b-it,standard,20,42,0.7261915135813315,0.5976923953925758,0.954782570277448,0.9744744744744744,0.9602164692116425
gemma-3-4b-it,standard,20,58,0.7449822851032546,0.6245997249934585,0.9470169544934589,0.96996996996997,0.9640193067134708
gemma-3-4b-it,standard,500,1018,0.8908823057371686,0.9206537610649257,0.865437455224391,0.8993993993993994,0.9948807956706157
gemma-3-4b-it,standard,500,205,0.8667938890138387,0.8797139976798912,0.8673063311514196,0.8933933933933934,0.9916630100921456
gemma-3-4b-it,standard,500,209,0.8438488420226671,0.8375172532748233,0.8626056347694923,0.8753753753753754,0.9942957437472576
gemma-3-4b-it,standard,500,42,0.8583109947326192,0.8173011001941808,0.9109615743866681,0.9564564564564565,0.9843498610501682
gemma-3-4b-it,standard,500,58,0.8411596670428065,0.7913797929958601,0.9076756684020577,0.9564564564564565,0.98376480912681
gemma-3-4b-it,standard,800,1018,0.8837559139379658,0.9019682214192148,0.8674800254349191,0.924924924924925,0.9937106918238994
gemma-3-4b-it,standard,800,205,0.8668012688577419,0.9136005156060942,0.8285502113611468,0.8888888888888888,0.9951733216322949
gemma-3-4b-it,standard,800,209,0.866589728884593,0.8499555033041996,0.8881727458947064,0.9159159159159159,0.9948807956706157
gemma-3-4b-it,standard,800,42,0.8649040291575091,0.8615627418986151,0.8777701527051707,0.9384384384384384,0.9852274389352055
gemma-3-4b-it,standard,800,58,0.8967204937820563,0.90297003486775,0.8929170066064328,0.948948948948949,0.9940032177855784
phi-3_5-mini-instruct,standard,100,1018,0.863726059449054,0.9003938677818308,0.8373305817928305,0.8903903903903904,0.9938569548047389
phi-3_5-mini-instruct,standard,100,205,0.8608724764347138,0.9305224755202883,0.8053434526493863,0.8618618618618619,0.9960508995173322
phi-3_5-mini-instruct,standard,100,209,0.8622538490386904,0.8899074144408716,0.8444973688254096,0.8948948948948949,0.9929793769197016
phi-3_5-mini-instruct,standard,100,42,0.865011968858541,0.8951029911827512,0.8443484766672035,0.8963963963963963,0.9932719028813807
phi-3_5-mini-instruct,standard,100,58,0.8649789111285714,0.8966138474542255,0.8435009796413242,0.8978978978978979,0.9935644288430598
phi-3_5-mini-instruct,standard,1064,1018,0.8779813086610738,0.9268968620054816,0.8376348604145742,0.8918918918918919,0.9961971624981717
phi-3_5-mini-instruct,standard,1064,205,0.8849295863570222,0.9387067029315768,0.8399588049337459,0.8888888888888888,0.9964896884598509
phi-3_5-mini-instruct,standard,1064,209,0.8836540748915889,0.9365635860525492,0.8388608208420372,0.8828828828828829,0.9960508995173322
phi-3_5-mini-instruct,standard,1064,42,0.8680221137440687,0.9556909868284698,0.8004133741355587,0.8693693693693694,0.9966359514406904
phi-3_5-mini-instruct,standard,1064,58,0.8690340055758258,0.9315993860174728,0.8169410612102895,0.8663663663663663,0.9963434254790112
phi-3_5-mini-instruct,standard,20,1018,0.8447518847086776,0.9078935334294845,0.8030358865008576,0.8678678678678678,0.9941494807664181
phi-3_5-mini-instruct,standard,20,205,0.861174748490261,0.9023231289961553,0.8338034550449476,0.8933933933933934,0.9929793769197016
phi-3_5-mini-instruct,standard,20,209,0.8684034200444282,0.8605173849932349,0.886383781881906,0.933933933933934,0.9893228023987128
phi-3_5-mini-instruct,standard,20,42,0.8594870410915475,0.9003376898400256,0.8325894564450825,0.8888888888888888,0.9926868509580226
phi-3_5-mini-instruct,standard,20,58,0.8647697708315798,0.8975531113796948,0.8415279278606493,0.8933933933933934,0.9937106918238994
phi-3_5-mini-instruct,standard,500,1018,0.874515487500925,0.9364722521287252,0.8229305679007952,0.8768768768768769,0.9960508995173322
phi-3_5-mini-instruct,standard,500,205,0.8669275429252649,0.9243769018701014,0.8196072810895185,0.8783783783783784,0.9953195846131344
phi-3_5-mini-instruct,standard,500,209,0.8619047264000559,0.9092156384739296,0.8245717722998241,0.8708708708708709,0.9945882697089367
phi-3_5-mini-instruct,standard,500,42,0.8670397081332646,0.9295891820472562,0.8172738723463324,0.8738738738738738,0.9953195846131344
phi-3_5-mini-instruct,standard,500,58,0.8682754671533789,0.9154153708377794,0.8310571567630507,0.8918918918918919,0.9940032177855784
phi-3_5-mini-instruct,standard,800,1018,0.8725410701039222,0.8973696950681099,0.8549308947295469,0.9039039039039038,0.9934181658622203
phi-3_5-mini-instruct,standard,800,205,0.8654162280331534,0.9009770407798063,0.8395290204944252,0.8933933933933934,0.9937106918238994
phi-3_5-mini-instruct,standard,800,209,0.8726181335390895,0.9257463650963028,0.8285000535647136,0.8843843843843844,0.9963434254790112
phi-3_5-mini-instruct,standard,800,42,0.8772937035877219,0.9449563604333506,0.8233294164348697,0.8873873873873874,0.9961971624981717
phi-3_5-mini-instruct,standard,800,58,0.8650846551991882,0.9088772478615597,0.8319883189840559,0.8888888888888888,0.9941494807664181
Llama_3_2-3B-Instruct,impression_regularized,100,1018,0.8453198883981129,0.9138229028510321,0.7883321352361068,0.8273273273273273,0.9956121105748135
Llama_3_2-3B-Instruct,impression_regularized,100,205,0.8348403972806628,0.9175267694396472,0.7782574996414713,0.8378378378378378,0.9950270586514554
Llama_3_2-3B-Instruct,impression_regularized,100,209,0.858001944029978,0.9259007288012266,0.8005870214999116,0.8543543543543544,0.9942957437472576
Llama_3_2-3B-Instruct,impression_regularized,100,42,0.8466182197857288,0.8352065716489934,0.8674937700930112,0.9234234234234234,0.985081175954366
Llama_3_2-3B-Instruct,impression_regularized,100,58,0.8382662687046104,0.8762703433622867,0.8061501137801566,0.8678678678678678,0.9915167471113061
Llama_3_2-3B-Instruct,impression_regularized,1064,1018,0.9095857807516243,0.9498160203409127,0.8736348420351646,0.9174174174174174,0.9959046365364926
Llama_3_2-3B-Instruct,impression_regularized,1064,205,0.8992918176118658,0.9429775402442099,0.8631099283201185,0.9159159159159159,0.9963434254790112
Llama_3_2-3B-Instruct,impression_regularized,1064,209,0.8990811741511677,0.9626954634005056,0.8467031591425586,0.9009009009009009,0.9973672663448881
Llama_3_2-3B-Instruct,impression_regularized,1064,42,0.904237318980673,0.9225515676269986,0.8901773304933026,0.9414414414414415,0.9919555360538248
Llama_3_2-3B-Instruct,impression_regularized,1064,58,0.900256822476529,0.9065608336235904,0.8953193749744305,0.9444444444444444,0.9915167471113061
Llama_3_2-3B-Instruct,impression_regularized,20,1018,0.8339557693485291,0.8617349914001298,0.8161966364427378,0.8843843843843844,0.988298961532836
Llama_3_2-3B-Instruct,impression_regularized,20,205,0.8220148160492424,0.8948315236002061,0.7635655588929452,0.8228228228228228,0.9950270586514554
Llama_3_2-3B-Instruct,impression_regularized,20,209,0.8336438996442748,0.8708709289706804,0.8129696451916651,0.8888888888888888,0.989615328360392
Llama_3_2-3B-Instruct,impression_regularized,20,42,0.8319395572370799,0.8380322413788335,0.8341722706144182,0.8708708708708709,0.9902003802837502
Llama_3_2-3B-Instruct,impression_regularized,20,58,0.822046576577433,0.9573363002165453,0.7224933475592898,0.7747747747747747,0.9982448442299254
Llama_3_2-3B-Instruct,impression_regularized,500,1018,0.8749083679317011,0.9124021787669362,0.8475370796599878,0.8888888888888888,0.9935644288430598
Llama_3_2-3B-Instruct,impression_regularized,500,205,0.8727216055088582,0.9222609753315969,0.8307495622801918,0.8903903903903904,0.9953195846131344
Llama_3_2-3B-Instruct,impression_regularized,500,209,0.8698731520262639,0.9403889441687374,0.8116584139783274,0.8753753753753754,0.9948807956706157
Llama_3_2-3B-Instruct,impression_regularized,500,42,0.8862555288770041,0.8808707431242411,0.8937757705042915,0.9354354354354354,0.9890302764370338
Llama_3_2-3B-Instruct,impression_regularized,500,58,0.8922508072165564,0.9388374253201369,0.8504319806737446,0.8933933933933934,0.9957583735556531
Llama_3_2-3B-Instruct,impression_regularized,800,1018,0.8842676782525891,0.9263615124757973,0.8489811031565596,0.8978978978978979,0.9940032177855784
Llama_3_2-3B-Instruct,impression_regularized,800,205,0.8947039590914097,0.9168256571224466,0.8760482945215491,0.9129129129129129,0.9923943249963434
Llama_3_2-3B-Instruct,impression_regularized,800,209,0.8817020679032538,0.9101460894082712,0.856142817647613,0.9144144144144144,0.9902003802837502
Llama_3_2-3B-Instruct,impression_regularized,800,42,0.8934139129878833,0.9081159517944873,0.8801184326196647,0.924924924924925,0.9916630100921456
Llama_3_2-3B-Instruct,impression_regularized,800,58,0.9014085522264744,0.9293651976430608,0.8755554260484016,0.918918918918919,0.9942957437472576
gemma-3-12b-it,impression_regularized,100,1018,0.9075126028460104,0.9330370105054422,0.8856260207474924,0.8993993993993994,0.9961971624981717
gemma-3-12b-it,impression_regularized,100,205,0.9059933476856764,0.9326541818141096,0.8843807426796961,0.9009009009009009,0.9951733216322949
gemma-3-12b-it,impression_regularized,100,209,0.9085175949613526,0.9175103727706928,0.9034363754648537,0.9204204204204204,0.9944420067280971
gemma-3-12b-it,impression_regularized,100,42,0.9130323598177273,0.9015711319067747,0.9272240066306219,0.9564564564564565,0.9890302764370338
gemma-3-12b-it,impression_regularized,100,58,0.8984250734783983,0.9198873236792781,0.8828022759877843,0.8978978978978979,0.9945882697089367
gemma-3-12b-it,impression_regularized,1064,1018,0.9262067297462033,0.951861425684729,0.9025158389740827,0.9174174174174174,0.9982448442299254
gemma-3-12b-it,impression_regularized,1064,205,0.9257651585543025,0.9628750752300765,0.8919361046670685,0.9069069069069069,0.9978060552874067
gemma-3-12b-it,impression_regularized,1064,209,0.9202763492055612,0.9503766150505963,0.8929543400523255,0.9039039039039038,0.9976597923065672
gemma-3-12b-it,impression_regularized,1064,42,0.9242889559306845,0.9423641579875555,0.9077811387183882,0.924924924924925,0.9975135293257277
gemma-3-12b-it,impression_regularized,1064,58,0.9272912914097168,0.956962545504449,0.9000427902286559,0.9144144144144144,0.9975135293257277
gemma-3-12b-it,impression_regularized,20,1018,0.899390565930649,0.911760484921874,0.8938131621624797,0.9099099099099099,0.9938569548047389
gemma-3-12b-it,impression_regularized,20,205,0.9014377719434823,0.9060744823476066,0.9024980562520852,0.9204204204204204,0.9937106918238994
gemma-3-12b-it,impression_regularized,20,209,0.8997065073871645,0.9082124809745075,0.8972213802884398,0.9144144144144144,0.9937106918238994
gemma-3-12b-it,impression_regularized,20,42,0.896830875917799,0.9013611717745237,0.8991167624116091,0.9144144144144144,0.9934181658622203
gemma-3-12b-it,impression_regularized,20,58,0.9002786820434744,0.9143834617809374,0.8926987254901334,0.9114114114114115,0.9937106918238994
gemma-3-12b-it,impression_regularized,500,1018,0.9107551647372382,0.9289801669041768,0.8951449128921942,0.9069069069069069,0.9960508995173322
gemma-3-12b-it,impression_regularized,500,205,0.9112504817307361,0.9257664853148898,0.8984821669760096,0.9159159159159159,0.9960508995173322
gemma-3-12b-it,impression_regularized,500,209,0.9204117866403286,0.951204699017263,0.8921162724868367,0.9069069069069069,0.9973672663448881
gemma-3-12b-it,impression_regularized,500,42,0.9213481741620033,0.9483471467522246,0.896488877427086,0.9129129129129129,0.9967822144215299
gemma-3-12b-it,impression_regularized,500,58,0.9210177381344776,0.950960990787139,0.8937209107502772,0.9054054054054054,0.9973672663448881
gemma-3-12b-it,impression_regularized,800,1018,0.927721654769365,0.9560235255693231,0.9013065300242452,0.9204204204204204,0.997074740383209
gemma-3-12b-it,impression_regularized,800,205,0.9219225597962032,0.9530824327120658,0.8934316105841186,0.9054054054054054,0.9978060552874067
gemma-3-12b-it,impression_regularized,800,209,0.9233285112789387,0.9303911874938018,0.9171170577493019,0.9294294294294294,0.9961971624981717
gemma-3-12b-it,impression_regularized,800,42,0.9236041600188198,0.9500314067081236,0.8992458907607985,0.9129129129129129,0.9976597923065672
gemma-3-12b-it,impression_regularized,800,58,0.9189915785179399,0.9443630396030696,0.8956801644474655,0.9054054054054054,0.9975135293257277
gemma-3-1b-it,impression_regularized,100,1018,0.35076880365544844,0.7964656511235523,0.29083369212904264,0.4804804804804805,0.9863975427819219
gemma-3-1b-it,impression_regularized,100,205,0.4083444501712471,0.9077913505626343,0.28151164284516217,0.35135135135135137,0.9975135293257277
gemma-3-1b-it,impression_regularized,100,209,0.4476585997799167,0.7410950801870171,0.3271599772791234,0.3993993993993994,0.9954658475939739
gemma-3-1b-it,impression_regularized,100,42,0.5543357470828332,0.5962164374732867,0.5485285880793636,0.6456456456456456,0.9815708644142168
gemma-3-1b-it,impression_regularized,100,58,0.6541434909692228,0.7595050020058957,0.5827199676324127,0.6906906906906907,0.9884452245136756
gemma-3-1b-it,impression_regularized,1064,1018,0.7980865153579663,0.8683146894742121,0.7495636557179723,0.8033033033033034,0.9922480620155039
gemma-3-1b-it,impression_regularized,1064,205,0.7680932654499155,0.9120778066456108,0.6794541623683599,0.7912912912912913,0.9945882697089367
gemma-3-1b-it,impression_regularized,1064,209,0.7474572964693555,0.8376715496533471,0.6777019090750951,0.7522522522522522,0.9942957437472576
gemma-3-1b-it,impression_regularized,1064,42,0.7945097100393768,0.8818721523128247,0.7286752338926074,0.8108108108108109,0.9937106918238994
gemma-3-1b-it,impression_regularized,1064,58,0.8000686889623438,0.8946764324603591,0.7287470351833879,0.8108108108108109,0.9950270586514554
gemma-3-1b-it,impression_regularized,20,1018,0.3166856086233196,0.43155091407158425,0.4528437673112048,0.7027027027027027,0.9337428696796841
gemma-3-1b-it,impression_regularized,20,205,0.32637465830703427,0.5744855554314034,0.3079855064655736,0.5855855855855856,0.9569986836331724
gemma-3-1b-it,impression_regularized,20,209,0.3309409432634838,0.6414495331160657,0.2397506271883364,0.3483483483483483,0.9956121105748135
gemma-3-1b-it,impression_regularized,20,42,0.2835281300220358,0.5627274688308688,0.24231730970287607,0.33633633633633636,0.9862512798010823
gemma-3-1b-it,impression_regularized,20,58,0.28663455091906787,0.5353088451197157,0.22155039511409347,0.2822822822822823,0.9890302764370338
gemma-3-1b-it,impression_regularized,500,1018,0.6506561165049616,0.7469177616769634,0.5834181796787149,0.6996996996996997,0.9902003802837502
gemma-3-1b-it,impression_regularized,500,205,0.6850198791177203,0.806259333594592,0.6190983807993503,0.7387387387387387,0.9899078543220711
gemma-3-1b-it,impression_regularized,500,209,0.6236795412783374,0.772728741134851,0.5291086937860338,0.6636636636636637,0.9903466432645898
gemma-3-1b-it,impression_regularized,500,42,0.5589327507537796,0.8491810790583171,0.4215042135049968,0.509009009009009,0.9963434254790112
gemma-3-1b-it,impression_regularized,500,58,0.7169769162917936,0.7673919314142765,0.6786249704194884,0.7477477477477478,0.9921017990346643
gemma-3-1b-it,impression_regularized,800,1018,0.7520379819668433,0.8461361736772175,0.6943671734387546,0.7852852852852853,0.9910779581687875
gemma-3-1b-it,impression_regularized,800,205,0.6927271156610473,0.8353936652886973,0.6023734728739571,0.7012012012012012,0.9929793769197016
gemma-3-1b-it,impression_regularized,800,209,0.69890064735335,0.8549569413638312,0.5973607333933785,0.6846846846846847,0.9957583735556531
gemma-3-1b-it,impression_regularized,800,42,0.7520379819668433,0.8461361736772175,0.6943671734387546,0.7852852852852853,0.9910779581687875
gemma-3-1b-it,impression_regularized,800,58,0.7208217092930864,0.7732052576343794,0.679776733169839,0.7867867867867868,0.9874213836477987
gemma-3-4b-it,impression_regularized,100,1018,0.7971147261732064,0.7130453122524238,0.9195969903795095,0.9519519519519519,0.9786456047974258
gemma-3-4b-it,impression_regularized,100,205,0.8812568590337598,0.9042048046377084,0.8624391970769466,0.8873873873873874,0.9953195846131344
gemma-3-4b-it,impression_regularized,100,209,0.8446505227395573,0.7993728082309901,0.9009823339418389,0.9354354354354354,0.9885914874945151
gemma-3-4b-it,impression_regularized,100,42,0.8793034788482235,0.8831679774908582,0.8791977545165472,0.9129129129129129,0.9948807956706157
gemma-3-4b-it,impression_regularized,100,58,0.8628028683359854,0.8271117122893836,0.905107536623022,0.9444444444444444,0.9885914874945151
gemma-3-4b-it,impression_regularized,1064,1018,0.9080552737783413,0.9229702499985408,0.8953087634323295,0.948948948948949,0.9941494807664181
gemma-3-4b-it,impression_regularized,1064,205,0.9042051105158599,0.9132220442141415,0.8996224833885188,0.9534534534534534,0.9928331139388621
gemma-3-4b-it,impression_regularized,1064,209,0.9132806967213778,0.9449844061568474,0.8851744687012137,0.9324324324324325,0.9964896884598509
gemma-3-4b-it,impression_regularized,1064,42,0.908171733816937,0.9417065856578313,0.8790115303898135,0.9234234234234234,0.9963434254790112
gemma-3-4b-it,impression_regularized,1064,58,0.9125506335664759,0.9217975417639506,0.9043909417098608,0.954954954954955,0.9931256399005411
gemma-3-4b-it,impression_regularized,20,1018,0.7893720371816605,0.6942288497052336,0.9287101135427018,0.9564564564564565,0.974696504314758
gemma-3-4b-it,impression_regularized,20,205,0.7958246162847153,0.7065283342946903,0.9284660719240654,0.9564564564564565,0.9780605528740676
gemma-3-4b-it,impression_regularized,20,209,0.8027459968114536,0.721851577195177,0.9162078132127784,0.948948948948949,0.9804007605675004
gemma-3-4b-it,impression_regularized,20,42,0.8082062594379523,0.7255497350403254,0.9236249816181646,0.9564564564564565,0.9798157086441421
gemma-3-4b-it,impression_regularized,20,58,0.7955449096238587,0.7023336164544682,0.9316661899621067,0.9624624624624625,0.976305397103993
gemma-3-4b-it,impression_regularized,500,1018,0.8954156508539887,0.8842143669478881,0.9096593290396909,0.9414414414414415,0.9945882697089367
gemma-3-4b-it,impression_regularized,500,205,0.8928647016345832,0.8862768909123028,0.9022403391683376,0.9459459459459459,0.9934181658622203
gemma-3-4b-it,impression_regularized,500,209,0.882300015017431,0.8987942191425538,0.8728646460163036,0.9159159159159159,0.9942957437472576
gemma-3-4b-it,impression_regularized,500,42,0.8763389170641422,0.8529428230829307,0.9075536003136198,0.9354354354354354,0.9931256399005411
gemma-3-4b-it,impression_regularized,500,58,0.9003117644648642,0.9162578569354858,0.8880994147265417,0.9324324324324325,0.9948807956706157
gemma-3-4b-it,impression_regularized,800,1018,0.8988829809464565,0.9008436076500764,0.8984938232620049,0.9579579579579579,0.9919555360538248
gemma-3-4b-it,impression_regularized,800,205,0.8999416728017222,0.9111202972449778,0.891047308654911,0.933933933933934,0.9929793769197016
gemma-3-4b-it,impression_regularized,800,209,0.8970945160815605,0.8753626537260418,0.9215748189590207,0.960960960960961,0.9909316951879479
gemma-3-4b-it,impression_regularized,800,42,0.8994936390534576,0.8886507440326941,0.9110461003937909,0.9594594594594594,0.9909316951879479
gemma-3-4b-it,impression_regularized,800,58,0.8997983996117778,0.8984921239848346,0.9022405690225805,0.9504504504504504,0.9918092730729853
phi-3_5-mini-instruct,impression_regularized,100,1018,0.865498074996626,0.9003057239869998,0.8401239049763476,0.8948948948948949,0.9934181658622203
phi-3_5-mini-instruct,impression_regularized,100,205,0.8627955541188725,0.9090249664778269,0.8284711984180255,0.8798798798798799,0.9944420067280971
phi-3_5-mini-instruct,impression_regularized,100,209,0.8735879656204042,0.9127606010126592,0.8416273396972416,0.8918918918918919,0.9942957437472576
phi-3_5-mini-instruct,impression_regularized,100,42,0.8649879313878683,0.9014278201518214,0.8365331234938593,0.8843843843843844,0.9940032177855784
phi-3_5-mini-instruct,impression_regularized,100,58,0.8693436177749221,0.9074116848598172,0.8399714141560188,0.8918918918918919,0.9937106918238994
phi-3_5-mini-instruct,impression_regularized,1064,1018,0.8803034790584328,0.9199023610826671,0.8474417975000116,0.8978978978978979,0.9948807956706157
phi-3_5-mini-instruct,impression_regularized,1064,205,0.8833067215171846,0.9132216559216294,0.858389795285411,0.9024024024024024,0.9945882697089367
phi-3_5-mini-instruct,impression_regularized,1064,209,0.8763597187138346,0.9176859974190563,0.8419169866264651,0.8918918918918919,0.9947345326897762
phi-3_5-mini-instruct,impression_regularized,1064,42,0.878821657012653,0.9185915007516098,0.845764042630893,0.8978978978978979,0.9948807956706157
phi-3_5-mini-instruct,impression_regularized,1064,58,0.8821873830489766,0.9249480506490709,0.8465648459047952,0.8963963963963963,0.9950270586514554
phi-3_5-mini-instruct,impression_regularized,20,1018,0.8610674627118562,0.8819283862778939,0.8518022719775232,0.9024024024024024,0.9918092730729853
phi-3_5-mini-instruct,impression_regularized,20,205,0.85576545933258,0.9018671151036568,0.8231600791223118,0.8753753753753754,0.9944420067280971
phi-3_5-mini-instruct,impression_regularized,20,209,0.8601892124983072,0.8758237068331061,0.8553808231032233,0.9024024024024024,0.9913704841304666
phi-3_5-mini-instruct,impression_regularized,20,42,0.863275773454706,0.8837587349471819,0.8541236411089951,0.8993993993993994,0.9922480620155039
phi-3_5-mini-instruct,impression_regularized,20,58,0.8640248861735816,0.8922032495879797,0.8453305972932744,0.9009009009009009,0.9925405879771829
phi-3_5-mini-instruct,impression_regularized,500,1018,0.872644757391897,0.8948709342448332,0.8584422305661515,0.9114114114114115,0.9929793769197016
phi-3_5-mini-instruct,impression_regularized,500,205,0.8709839735759128,0.8984461900604024,0.8521567204991458,0.9069069069069069,0.9928331139388621
phi-3_5-mini-instruct,impression_regularized,500,209,0.8731023969550973,0.8993247102871377,0.8557089478416957,0.9099099099099099,0.9932719028813807
phi-3_5-mini-instruct,impression_regularized,500,42,0.8737510639117733,0.896702644225018,0.8583254469725986,0.9114114114114115,0.9928331139388621
phi-3_5-mini-instruct,impression_regularized,500,58,0.8702150841368996,0.8934871521351824,0.8547499573225475,0.9084084084084084,0.9926868509580226
phi-3_5-mini-instruct,impression_regularized,800,1018,0.8733121262635798,0.9107388495718755,0.8433988266606067,0.8918918918918919,0.9941494807664181
phi-3_5-mini-instruct,impression_regularized,800,205,0.8815470307013888,0.9193123870742279,0.8501261553013408,0.8918918918918919,0.9948807956706157
phi-3_5-mini-instruct,impression_regularized,800,209,0.8772754042129315,0.9162959473216141,0.8450228115663738,0.8948948948948949,0.9945882697089367
phi-3_5-mini-instruct,impression_regularized,800,42,0.8753657657233544,0.8995032364208723,0.8567320482782208,0.8993993993993994,0.9935644288430598
phi-3_5-mini-instruct,impression_regularized,800,58,0.8743292966640857,0.916900881476594,0.8400230791541209,0.8888888888888888,0.9944420067280971
