Model,Method,30-Day Temp F1,30-Day Temp CV (%),60-Day Temp F1,60-Day Temp CV (%),90-Day Temp F1,90-Day Temp CV (%),120-Day Temp F1,120-Day Temp CV (%),180-Day Temp F1,180-Day Temp CV (%)
Gemma-1B,Zero-Shot (Direct),0.152 ± 0.102,67.61,0.185 ± 0.089,47.74,0.199 ± 0.074,37.30,0.206 ± 0.062,29.85,0.214 ± 0.046,21.57
Gemma-1B,Zero-Shot (Impression-Guided),N/A,N/A,N/A,N/A,N/A,N/A,N/A,N/A,N/A,N/A
Gemma-1B,LoRA (Direct),0.496 ± 0.158,31.83,0.585 ± 0.124,21.27,0.615 ± 0.100,16.32,0.627 ± 0.084,13.39,0.638 ± 0.058,9.07
Gemma-1B,LoRA (Impression-Guided),0.620 ± 0.161,25.96,0.720 ± 0.116,16.05,0.750 ± 0.084,11.15,0.763 ± 0.064,8.41,0.772 ± 0.044,5.74
Llama-3.2-3B,Zero-Shot (Direct),0.669 ± 0.161,24.04,0.758 ± 0.108,14.22,0.780 ± 0.083,10.62,0.788 ± 0.063,7.99,0.797 ± 0.035,4.36
Llama-3.2-3B,Zero-Shot (Impression-Guided),0.668 ± 0.166,24.83,0.752 ± 0.112,14.93,0.777 ± 0.082,10.54,0.787 ± 0.059,7.47,0.798 ± 0.031,3.83
Llama-3.2-3B,LoRA (Direct),0.732 ± 0.163,22.23,0.844 ± 0.094,11.12,0.872 ± 0.063,7.19,0.882 ± 0.043,4.87,0.888 ± 0.025,2.77
Llama-3.2-3B,LoRA (Impression-Guided),0.744 ± 0.162,21.72,0.858 ± 0.091,10.58,0.886 ± 0.062,7.00,0.896 ± 0.044,4.88,0.902 ± 0.028,3.06
Phi-3.5-Mini,Zero-Shot (Direct),0.703 ± 0.161,22.86,0.807 ± 0.093,11.47,0.832 ± 0.069,8.24,0.843 ± 0.047,5.63,0.852 ± 0.025,2.95
Phi-3.5-Mini,Zero-Shot (Impression-Guided),0.611 ± 0.169,27.69,0.714 ± 0.112,15.69,0.739 ± 0.083,11.27,0.749 ± 0.065,8.63,0.758 ± 0.048,6.34
Phi-3.5-Mini,LoRA (Direct),0.711 ± 0.166,23.36,0.820 ± 0.101,12.38,0.849 ± 0.074,8.76,0.861 ± 0.052,6.07,0.871 ± 0.027,3.06
Phi-3.5-Mini,LoRA (Impression-Guided),0.720 ± 0.168,23.31,0.828 ± 0.102,12.28,0.854 ± 0.074,8.71,0.865 ± 0.052,6.05,0.873 ± 0.030,3.39
Gemma-4B,Zero-Shot (Direct),0.599 ± 0.131,21.84,0.656 ± 0.082,12.51,0.671 ± 0.067,10.00,0.677 ± 0.055,8.20,0.681 ± 0.044,6.42
Gemma-4B,Zero-Shot (Impression-Guided),0.644 ± 0.127,19.79,0.708 ± 0.085,11.97,0.722 ± 0.069,9.62,0.728 ± 0.058,8.03,0.731 ± 0.044,6.01
Gemma-4B,LoRA (Direct),0.738 ± 0.156,21.16,0.846 ± 0.089,10.55,0.871 ± 0.062,7.13,0.879 ± 0.045,5.06,0.885 ± 0.030,3.35
Gemma-4B,LoRA (Impression-Guided),0.753 ± 0.162,21.48,0.867 ± 0.089,10.22,0.893 ± 0.055,6.19,0.901 ± 0.037,4.11,0.907 ± 0.024,2.63
Gemma-12B,Zero-Shot (Direct),0.748 ± 0.165,22.00,0.859 ± 0.086,10.04,0.887 ± 0.059,6.60,0.895 ± 0.043,4.77,0.900 ± 0.028,3.09
Gemma-12B,Zero-Shot (Impression-Guided),N/A,N/A,N/A,N/A,N/A,N/A,N/A,N/A,N/A,N/A
Gemma-12B,LoRA (Direct),0.760 ± 0.165,21.70,0.877 ± 0.086,9.80,0.904 ± 0.056,6.18,0.912 ± 0.037,4.09,0.918 ± 0.021,2.25
Gemma-12B,LoRA (Impression-Guided),0.761 ± 0.168,22.03,0.881 ± 0.087,9.88,0.909 ± 0.057,6.26,0.917 ± 0.038,4.12,0.922 ± 0.021,2.30
Gemma-27B,Zero-Shot (Direct),0.763 ± 0.165,21.60,0.874 ± 0.086,9.82,0.896 ± 0.053,5.95,0.904 ± 0.035,3.88,0.911 ± 0.022,2.39
Gemma-27B,Zero-Shot (Impression-Guided),N/A,N/A,N/A,N/A,N/A,N/A,N/A,N/A,N/A,N/A
Gemma-27B,LoRA (Direct),N/A,N/A,N/A,N/A,N/A,N/A,N/A,N/A,N/A,N/A
Gemma-27B,LoRA (Impression-Guided),N/A,N/A,N/A,N/A,N/A,N/A,N/A,N/A,N/A,N/A
