window_index,macro_f1_mean,macro_f1_std,any_fracture_sensitivity_mean,any_fracture_sensitivity_std
1,0.6916666666666667,0.0,0.9473684210526315,0.0
2,0.6583333333333333,0.0,0.8823529411764706,0.0
3,0.6479166666666667,0.0,0.8823529411764706,0.0
4,0.6583333333333333,0.0,0.8947368421052632,0.0
5,0.671875,0.0,0.8947368421052632,0.0
6,0.8777777777777778,0.0,0.8695652173913043,0.0
7,0.8779761904761905,0.0,0.85,0.0
8,0.8779761904761905,0.0,0.85,0.0
9,0.8976190476190475,0.0,0.8636363636363636,0.0
10,0.9069940476190477,0.0,0.8636363636363636,0.0
11,0.7736607142857143,0.0,0.8636363636363636,0.0
12,0.772378663003663,0.0,0.8571428571428571,0.0
13,0.7694024725274725,0.0,0.85,0.0
14,0.8948412698412699,0.0,0.8636363636363636,0.0
15,0.8948412698412699,0.0,0.8636363636363636,0.0
16,0.8980113636363636,0.0,0.8695652173913043,0.0
17,0.8997596153846154,0.0,0.8888888888888888,0.0
18,0.904471916971917,0.0,0.9,0.0
19,0.9086385836385837,0.0,0.9285714285714286,0.0
20,0.9420204924074893,0.0,0.9310344827586207,0.0
21,0.9523531003310416,0.0,0.9354838709677419,0.0
22,0.9471481736507311,0.0,0.9354838709677419,0.0
23,0.9565883190883191,0.0,0.9411764705882353,0.0
24,0.9616666666666667,0.0,0.9666666666666667,0.0
25,0.9630174291938998,0.0,0.9696969696969697,0.0
26,0.9568768328445747,0.0,0.9743589743589743,0.0
27,0.9530965909090909,0.0,0.972972972972973,0.0
28,0.945,0.0,0.9714285714285714,0.0
29,0.9610714285714286,0.0,0.9714285714285714,0.0
30,0.9656084656084656,0.0,0.9743589743589743,0.0
31,0.966724537037037,0.0,0.975609756097561,0.0
32,0.9814384818254787,0.0,0.9767441860465116,0.0
33,0.9748611111111112,0.0,0.9772727272727273,0.0
34,0.972796052631579,0.0,0.9761904761904762,0.0
35,0.9247659280567362,0.0,0.9545454545454546,0.0
36,0.9220962551084255,0.0,0.9523809523809523,0.0
37,0.9217769703063822,0.0,0.9512195121951219,0.0
38,0.9294369029663148,0.0,0.9743589743589743,0.0
39,0.9180358040652158,0.0,0.972972972972973,0.0
40,0.9042537527831644,0.0,0.9444444444444444,0.0
41,0.9085132703553755,0.0,0.9428571428571428,0.0
42,0.8892520856336645,0.0,0.9459459459459459,0.0
43,0.8724587400903191,0.0,0.9142857142857143,0.0
44,0.8554098679098678,0.0,0.8709677419354839,0.0
45,0.8539515345765345,0.0,0.875,0.0
46,0.8539515345765345,0.0,0.875,0.0
47,0.8522154234654234,0.0,0.8709677419354839,0.0
48,0.839752886002886,0.0,0.8571428571428571,0.0
49,0.8597749472749472,0.0,0.8620689655172413,0.0
50,0.8281622617148934,0.0,0.8214285714285714,0.0
51,0.8204461388284917,0.0,0.8076923076923077,0.0
52,0.8179208863032392,0.0,0.8,0.0
53,0.8696428571428572,0.0,0.8,0.0
54,0.83125,0.0,0.782608695652174,0.0
55,0.8308129370629371,0.0,0.8,0.0
56,0.8308129370629371,0.0,0.8,0.0
57,0.815761689291101,0.0,0.8,0.0
58,0.8423611111111111,0.0,0.84,0.0
59,0.7849702380952381,0.0,0.8260869565217391,0.0
60,0.8288149350649351,0.0,0.8181818181818182,0.0
61,0.8422077922077922,0.0,0.8571428571428571,0.0
62,0.8618131868131869,0.0,0.9,0.0
63,0.8821428571428571,0.0,0.9,0.0
64,0.8588972431077695,0.0,0.9166666666666666,0.0
65,0.8628654970760234,0.0,0.92,0.0
66,0.8454248366013072,0.0,0.88,0.0
67,0.7350274725274725,0.0,0.8695652173913043,0.0
68,0.8579441391941391,0.0,0.9047619047619048,0.0
69,0.8694444444444445,0.0,0.9130434782608695,0.0
70,0.8665786827551534,0.0,0.8846153846153846,0.0
71,0.8691039352804057,0.0,0.8888888888888888,0.0
72,0.9501748251748252,0.0,0.9130434782608695,0.0
73,0.9597902097902098,0.0,0.9090909090909091,0.0
74,0.9597902097902098,0.0,0.9166666666666666,0.0
75,0.9711538461538461,0.0,0.9130434782608695,0.0
76,0.9711538461538461,0.0,0.9130434782608695,0.0
77,0.9779411764705883,0.0,0.9230769230769231,0.0
78,0.962171052631579,0.0,0.9285714285714286,0.0
79,0.95625,0.0,0.9310344827586207,0.0
80,0.9397310206133735,0.0,0.896551724137931,0.0
81,0.9309436274509804,0.0,0.8666666666666667,0.0
82,0.9307119963369963,0.0,0.8461538461538461,0.0
83,0.9342261904761904,0.0,0.8620689655172413,0.0
84,0.9453781512605042,0.0,0.9,0.0
85,0.9332903336773306,0.0,0.875,0.0
86,0.9290441176470587,0.0,0.8787878787878788,0.0
87,0.9147243107769423,0.0,0.8709677419354839,0.0
88,0.91119566707802,0.0,0.8928571428571429,0.0
89,0.9190283400809717,0.0,0.8928571428571429,0.0
90,0.9190283400809717,0.0,0.8928571428571429,0.0
91,0.9190283400809717,0.0,0.8888888888888888,0.0
92,0.9145411605937921,0.0,0.8571428571428571,0.0
93,0.9120202261506609,0.0,0.8709677419354839,0.0
94,0.8998168498168497,0.0,0.8235294117647058,0.0
95,0.8946882194173216,0.0,0.8235294117647058,0.0
96,0.8994550770866561,0.0,0.8181818181818182,0.0
97,0.9084764049160334,0.0,0.8235294117647058,0.0
98,0.9254471405787195,0.0,0.8571428571428571,0.0
99,0.929438178780284,0.0,0.875,0.0
100,0.9130952380952381,0.0,0.8333333333333334,0.0
101,0.9026289682539683,0.0,0.8235294117647058,0.0
102,0.8593666932482722,0.0,0.8181818181818182,0.0
103,0.8623511904761905,0.0,0.8387096774193549,0.0
104,0.8178221288515406,0.0,0.78125,0.0
105,0.8628618113912232,0.0,0.7941176470588235,0.0
106,0.8669398589475316,0.0,0.8055555555555556,0.0
107,0.8570537305831424,0.0,0.7714285714285715,0.0
108,0.8770374529121994,0.0,0.8095238095238095,0.0
109,0.8827217939659808,0.0,0.84,0.0
110,0.8703709705297727,0.0,0.8571428571428571,0.0
111,0.8846627877548007,0.0,0.86,0.0
112,0.8949404761904761,0.0,0.8979591836734694,0.0
113,0.8967490842490842,0.0,0.8979591836734694,0.0
114,0.8862179487179487,0.0,0.8979591836734694,0.0
115,0.8772580489685753,0.0,0.8775510204081632,0.0
116,0.8753954378954378,0.0,0.8775510204081632,0.0
117,0.8780906593406592,0.0,0.88,0.0
118,0.8889151589151589,0.0,0.9148936170212766,0.0
119,0.895505853466873,0.0,0.9148936170212766,0.0
120,0.9063989458817044,0.0,0.9148936170212766,0.0
121,0.9038260954021824,0.0,0.92,0.0
122,0.9180992618492618,0.0,0.9583333333333334,0.0
123,0.9171522921522921,0.0,0.9574468085106383,0.0
124,0.9131840381840381,0.0,0.9555555555555556,0.0
125,0.9238400488400488,0.0,0.9777777777777777,0.0
126,0.9223290598290599,0.0,0.9743589743589743,0.0
127,0.9159798534798534,0.0,0.9696969696969697,0.0
128,0.9278273809523809,0.0,0.9696969696969697,0.0
129,0.918452380952381,0.0,0.9666666666666667,0.0
130,0.9114316239316239,0.0,0.9655172413793104,0.0
131,0.8435836222600928,0.0,0.9285714285714286,0.0
132,0.8418353705118411,0.0,0.9230769230769231,0.0
133,0.8895207862313126,0.0,0.9629629629629629,0.0
134,0.8875771287535994,0.0,0.9629629629629629,0.0
135,0.8893253805018511,0.0,0.9629629629629629,0.0
136,0.9019169555934262,0.0,0.9629629629629629,0.0
137,0.8977502889267596,0.0,0.96,0.0
138,0.8977502889267596,0.0,0.9583333333333334,0.0
139,0.9128241040005746,0.0,0.9565217391304348,0.0
140,0.9131257631257632,0.0,0.9583333333333334,0.0
141,0.9022893772893773,0.0,0.9166666666666666,0.0
142,0.894047619047619,0.0,0.9166666666666666,0.0
143,0.9012284080298786,0.0,0.9230769230769231,0.0
144,0.9047123015873015,0.0,0.9230769230769231,0.0
145,0.9061660561660562,0.0,0.9166666666666666,0.0
146,0.8984654234654235,0.0,0.9090909090909091,0.0
147,0.892550505050505,0.0,0.9047619047619048,0.0
148,0.893001443001443,0.0,0.9047619047619048,0.0
149,0.9472749472749473,0.0,0.9523809523809523,0.0
150,0.9537684537684538,0.0,0.9565217391304348,0.0
151,0.946969696969697,0.0,0.95,0.0
152,0.9586385836385836,0.0,0.9473684210526315,0.0
153,0.9638888888888888,0.0,0.9473684210526315,0.0
154,0.9648692810457515,0.0,0.9473684210526315,0.0
155,0.9691427853192558,0.0,0.9523809523809523,0.0
156,0.9699167791273053,0.0,0.9545454545454546,0.0
157,0.9562834224598931,0.0,0.95,0.0
158,0.9704248366013072,0.0,0.9545454545454546,0.0
159,0.9777777777777779,0.0,1.0,0.0
160,0.9886363636363636,0.0,1.0,0.0
161,0.9886363636363636,0.0,1.0,0.0
162,0.9903846153846154,0.0,1.0,0.0
163,0.9916666666666667,0.0,1.0,0.0
164,0.984375,0.0,1.0,0.0
165,0.984375,0.0,1.0,0.0
166,0.9916666666666667,0.0,1.0,0.0
167,0.9903846153846154,0.0,1.0,0.0
168,0.8653846153846154,0.0,1.0,0.0
169,0.8666666666666667,0.0,1.0,0.0
170,0.8666666666666667,0.0,1.0,0.0
171,0.8676470588235294,0.0,1.0,0.0
172,0.9787581699346406,0.0,1.0,0.0
173,0.9795321637426901,0.0,1.0,0.0
174,0.9795321637426901,0.0,1.0,0.0
175,0.9599567099567099,0.0,1.0,0.0
176,0.9585561497326203,0.0,1.0,0.0
177,0.8895479649349618,0.0,0.9714285714285714,0.0
178,0.8900687982682952,0.0,0.9714285714285714,0.0
179,0.8900687982682952,0.0,0.9722222222222222,0.0
180,0.8838228383458647,0.0,0.9743589743589743,0.0
181,0.8551157305027275,0.0,0.9743589743589743,0.0
182,0.8326151918257181,0.0,0.9743589743589743,0.0
183,0.8691351540616246,0.0,0.9761904761904762,0.0
184,0.8582556935817804,0.0,0.9772727272727273,0.0
185,0.8540750915750915,0.0,0.9777777777777777,0.0
186,0.8498015873015873,0.0,0.9777777777777777,0.0
187,0.8488546176046177,0.0,0.9772727272727273,0.0
188,0.8475725663225664,0.0,0.9767441860465116,0.0
189,0.8671486846486847,0.0,0.9782608695652174,0.0
190,0.8831641184902055,0.0,0.9777777777777777,0.0
191,0.8874883286647992,0.0,0.9772727272727273,0.0
192,0.8917874396135266,0.0,0.9574468085106383,0.0
193,0.9012633547008547,0.0,0.9555555555555556,0.0
194,0.9003109737484738,0.0,0.9534883720930233,0.0
195,0.9362980769230769,0.0,0.9736842105263158,0.0
196,0.9367559523809524,0.0,0.9736842105263158,0.0
197,0.9338972431077694,0.0,0.9714285714285714,0.0
198,0.9338509316770186,0.0,0.9696969696969697,0.0
199,0.9288378288378288,0.0,0.9393939393939394,0.0
200,0.9137120427881298,0.0,0.9393939393939394,0.0
201,0.8961988304093567,0.0,0.9310344827586207,0.0
202,0.7740323402088107,0.0,0.9230769230769231,0.0
203,0.8156990068754775,0.0,0.9259259259259259,0.0
204,0.8238095238095238,0.0,0.9259259259259259,0.0
205,0.8238095238095238,0.0,0.9259259259259259,0.0
206,0.7971560846560847,0.0,0.8666666666666667,0.0
207,0.7873543123543123,0.0,0.8461538461538461,0.0
208,0.7854998072103335,0.0,0.8518518518518519,0.0
209,0.7746983408748115,0.0,0.8461538461538461,0.0
210,0.7713369963369964,0.0,0.8636363636363636,0.0
211,0.735064935064935,0.0,0.8095238095238095,0.0
212,0.7165043290043289,0.0,0.7727272727272727,0.0
213,0.7165043290043289,0.0,0.7727272727272727,0.0
214,0.7159090909090909,0.0,0.75,0.0
215,0.7272186147186147,0.0,0.7727272727272727,0.0
216,0.6949633699633699,0.0,0.7619047619047619,0.0
217,0.7232371794871795,0.0,0.8,0.0
218,0.8654761904761905,0.0,0.8095238095238095,0.0
219,0.8279761904761904,0.0,0.8181818181818182,0.0
220,0.8338935574229691,0.0,0.8333333333333334,0.0
221,0.8144078144078144,0.0,0.7916666666666666,0.0
222,0.8039911477411477,0.0,0.782608695652174,0.0
223,0.8245039682539683,0.0,0.8,0.0
224,0.8756403318903319,0.0,0.8695652173913043,0.0
225,0.8709280303030303,0.0,0.84,0.0
226,0.8384875541125542,0.0,0.8333333333333334,0.0
227,0.835908189033189,0.0,0.8148148148148148,0.0
228,0.8225153318903319,0.0,0.8148148148148148,0.0
229,0.850094696969697,0.0,0.8461538461538461,0.0
230,0.8770833333333333,0.0,0.8846153846153846,0.0
231,0.865719696969697,0.0,0.8928571428571429,0.0
232,0.8536589635854341,0.0,0.90625,0.0
233,0.8269724556489262,0.0,0.9,0.0
234,0.8475577731092436,0.0,0.9117647058823529,0.0
235,0.8558911064425769,0.0,0.9142857142857143,0.0
236,0.8378968253968253,0.0,0.90625,0.0
237,0.8370331186701157,0.0,0.9142857142857143,0.0
238,0.8449937929717342,0.0,0.9117647058823529,0.0
239,0.827532679738562,0.0,0.9411764705882353,0.0
240,0.829450838306337,0.0,0.9459459459459459,0.0
241,0.8339583026192934,0.0,0.9459459459459459,0.0
242,0.829247757073844,0.0,0.9473684210526315,0.0
243,0.8404670109413319,0.0,0.975,0.0
244,0.8408385093167702,0.0,0.9761904761904762,0.0
245,0.8488547638547638,0.0,0.9772727272727273,0.0
246,0.8677358827358828,0.0,0.9787234042553191,0.0
247,0.8622567032450753,0.0,0.98,0.0
248,0.8709221334221334,0.0,0.9807692307692307,0.0
249,0.8703796203796204,0.0,0.9807692307692307,0.0
250,0.8676937831988982,0.0,0.9821428571428571,0.0
251,0.8683531746031745,0.0,0.9827586206896551,0.0
252,0.8719825496141285,0.0,0.9821428571428571,0.0
253,0.877933882796583,0.0,0.9824561403508771,0.0
254,0.8809722222222222,0.0,0.9836065573770492,0.0
255,0.8920580023840894,0.0,0.9838709677419355,0.0
256,0.8763106630211893,0.0,0.984375,0.0
257,0.898406344788417,0.0,0.9841269841269841,0.0
258,0.8999676146118272,0.0,0.9838709677419355,0.0
259,0.8997323180656862,0.0,0.984375,0.0
260,0.9047602519607996,0.0,0.9846153846153847,0.0
261,0.903097523918207,0.0,0.9838709677419355,0.0
262,0.9157766854691015,0.0,0.9833333333333333,0.0
263,0.9042349160273688,0.0,0.9821428571428571,0.0
264,0.8844551282051283,0.0,0.9649122807017544,0.0
265,0.8924175361675362,0.0,0.9642857142857143,0.0
266,0.8876406926406926,0.0,0.9622641509433962,0.0
267,0.8961878510505512,0.0,0.9615384615384616,0.0
268,0.9046309580742866,0.0,0.9555555555555556,0.0
269,0.9026155004415874,0.0,0.9347826086956522,0.0
270,0.89136762737969,0.0,0.9347826086956522,0.0
271,0.8939178876678877,0.0,0.9347826086956522,0.0
272,0.8897262459762459,0.0,0.9333333333333333,0.0
273,0.8901868246695833,0.0,0.926829268292683,0.0
274,0.9051052395879982,0.0,0.9230769230769231,0.0
275,0.9118937979232097,0.0,0.925,0.0
276,0.9007491789819376,0.0,0.9047619047619048,0.0
277,0.9000595238095238,0.0,0.8974358974358975,0.0
278,0.8945111048371919,0.0,0.8918918918918919,0.0
279,0.8821428571428571,0.0,0.8888888888888888,0.0
280,0.875266290726817,0.0,0.8823529411764706,0.0
281,0.8839619938884645,0.0,0.90625,0.0
282,0.9012896825396826,0.0,0.9285714285714286,0.0
283,0.8947649572649573,0.0,0.9259259259259259,0.0
284,0.9051816239316239,0.0,0.9333333333333333,0.0
285,0.8936799719887956,0.0,0.9090909090909091,0.0
286,0.8832633053221288,0.0,0.90625,0.0
287,0.8666666666666667,0.0,0.9,0.0
288,0.8694327731092437,0.0,0.8888888888888888,0.0
289,0.8652777777777778,0.0,0.875,0.0
290,0.8626687038451744,0.0,0.8636363636363636,0.0
291,0.8717596129360835,0.0,0.8571428571428571,0.0
292,0.8881944444444444,0.0,0.8695652173913043,0.0
293,0.8640331890331889,0.0,0.8636363636363636,0.0
294,0.8891941391941391,0.0,0.9,0.0
295,0.8994498556998557,0.0,0.9,0.0
296,0.8870070901320901,0.0,0.9,0.0
297,0.928314393939394,0.0,0.9090909090909091,0.0
298,0.9324810606060606,0.0,0.9130434782608695,0.0
299,0.9372055028305029,0.0,0.9166666666666666,0.0
300,0.9238131149895856,0.0,0.9259259259259259,0.0
301,0.9198448610213316,0.0,0.9230769230769231,0.0
302,0.9061660561660562,0.0,0.9130434782608695,0.0
303,0.9155289155289155,0.0,0.95,0.0
304,0.9318514818514818,0.0,0.9583333333333334,0.0
305,0.9489377581482844,0.0,1.0,0.0
306,0.9538892267153136,0.0,1.0,0.0
307,0.948860003487561,0.0,0.967741935483871,0.0
308,0.9478366370471634,0.0,0.96875,0.0
309,0.949584888795415,0.0,0.9696969696969697,0.0
310,0.9169429875679875,0.0,0.9142857142857143,0.0
311,0.9362040573805279,0.0,0.9142857142857143,0.0
312,0.9415728715728716,0.0,0.918918918918919,0.0
313,0.9059126984126984,0.0,0.9210526315789473,0.0
314,0.8945441736202606,0.0,0.9230769230769231,0.0
315,0.8682822732822733,0.0,0.8918918918918919,0.0
316,0.8841118113912232,0.0,0.9047619047619048,0.0
317,0.8628436954491941,0.0,0.9024390243902439,0.0
318,0.8649195761967501,0.0,0.8947368421052632,0.0
319,0.8860854918326455,0.0,0.9047619047619048,0.0
320,0.8860854918326455,0.0,0.9047619047619048,0.0
321,0.8997697242668778,0.0,0.9090909090909091,0.0
322,0.9010991475245553,0.0,0.9047619047619048,0.0
323,0.8767909242313487,0.0,0.8837209302325582,0.0
324,0.8617887414162989,0.0,0.8913043478260869,0.0
325,0.8642590048840049,0.0,0.9090909090909091,0.0
326,0.8652777777777778,0.0,0.9069767441860465,0.0
327,0.868231229848919,0.0,0.9130434782608695,0.0
328,0.8875052981719004,0.0,0.9534883720930233,0.0
329,0.8822734685979656,0.0,0.9534883720930233,0.0
330,0.8707792207792208,0.0,0.95,0.0
331,0.8969394735699083,0.0,0.95,0.0
332,0.907789661319073,0.0,0.95,0.0
333,0.9204984897999604,0.0,0.9767441860465116,0.0
334,0.9069458156222863,0.0,0.9736842105263158,0.0
335,0.9093722310827574,0.0,0.975,0.0
336,0.886802786638313,0.0,0.9523809523809523,0.0
337,0.8954438234623994,0.0,0.95,0.0
338,0.9021553996399198,0.0,0.9523809523809523,0.0
339,0.8873215623535317,0.0,0.9512195121951219,0.0
340,0.8802137192162768,0.0,0.95,0.0
341,0.921496558996559,0.0,0.9736842105263158,0.0
342,0.9451839826839827,0.0,0.9459459459459459,0.0
343,0.9451839826839827,0.0,0.9459459459459459,0.0
344,0.9437950937950939,0.0,0.9444444444444444,0.0
345,0.9334280303030303,0.0,0.9375,0.0
346,0.9388888888888889,0.0,0.9375,0.0
347,0.9510416666666667,0.0,0.9375,0.0
348,0.9329248366013072,0.0,0.9393939393939394,0.0
